{"stats":{"minecraft:mined":{"minecraft:dark_oak_planks":5,"minecraft:dark_oak_log":4,"minecraft:brewing_stand":1,"minecraft:spruce_trapdoor":2,"minecraft:purple_terracotta":3,"minecraft:grass_block":12,"minecraft:spruce_leaves":6,"minecraft:furnace":2,"minecraft:iron_ore":9,"minecraft:barrel":1,"minecraft:andesite":5,"minecraft:bookshelf":2,"minecraft:potatoes":60,"minecraft:oak_stairs":2,"minecraft:iron_bars":2,"minecraft:stone":69,"minecraft:spruce_slab":2,"farmersdelight:cooking_pot":1,"minecraft:podzol":1,"minecraft:light_gray_carpet":1,"minecraft:oak_slab":4,"minecraft:powder_snow":5,"minecraft:crafting_table":4,"minecraft:oak_wood":1,"minecraft:melon":11,"minecraft:dead_bush":2,"minecraft:campfire":1,"minecraft:cobblestone":9,"minecraft:oak_planks":2,"minecraft:wall_torch":5,"minecraft:spruce_stairs":1,"minecraft:coarse_dirt":4,"minecraft:birch_log":32,"minecraft:wheat":31,"minecraft:spruce_log":13,"minecraft:birch_leaves":3,"hybrid-aquatic:message_in_a_bottle":1,"minecraft:smooth_stone_slab":1,"minecraft:grass":2,"minecraft:coal_ore":59,"minecraft:oak_log":11,"minecraft:sand":22,"minecraft:dirt":18,"minecraft:cobweb":2,"minecraft:cracked_stone_bricks":4,"minecraft:stone_bricks":22,"minecraft:mossy_stone_bricks":10,"minecraft:oak_leaves":1},"minecraft:picked_up":{"minecraft:charcoal":4,"minecraft:iron_chestplate":6,"minecraft:crafting_table":6,"minecraft:coarse_dirt":7,"minecraft:wheat":86,"minecraft:azure_bluet":1,"minecraft:chainmail_boots":4,"minecraft:chicken":5,"minecraft:ladder":4,"minecraft:leather_leggings":3,"hybrid-aquatic:raw_tentacle":3,"minecraft:oak_stairs":2,"minecraft:potion":2,"minecraft:enchanted_book":2,"minecraft:brewing_stand":1,"minecraft:golden_sword":1,"minecraft:shield":6,"minecraft:music_disc_cat":1,"minecraft:string":6,"minecraft:red_bed":2,"minecraft:moss_carpet":2,"minecraft:smooth_stone_slab":1,"minecraft:flint_and_steel":1,"minecraft:iron_leggings":8,"minecraft:compass":2,"minecraft:blackstone":57,"minecraft:cracked_stone_bricks":32,"farmersdelight:straw":15,"minecraft:redstone_torch":2,"minecraft:iron_nugget":12,"minecraft:iron_pickaxe":5,"minecraft:spruce_slab":3,"minecraft:melon_slice":45,"minecraft:coal_block":20,"minecraft:spruce_trapdoor":2,"minecraft:waxed_oxidized_copper":1,"minecraft:diamond_hoe":1,"minecraft:iron_boots":6,"minecraft:furnace":5,"minecraft:stripped_crimson_hyphae":4,"minecraft:stick":10,"minecraft:raw_iron":59,"ribbits:toadstool":1,"minecraft:stone":1,"minecraft:oak_door":1,"minecraft:copper_ingot":3,"hybrid-aquatic:flashlight_fish":12,"minecraft:torch":16,"minecraft:bowl":6,"minecraft:spruce_stairs":2,"minecraft:porkchop":3,"minecraft:dried_kelp":49,"minecraft:stone_button":2,"minecraft:trident":2,"minecraft:carrot":3,"hybrid-aquatic:shark_tooth":3,"minecraft:rabbit_foot":4,"minecraft:purple_terracotta":6,"minecraft:dark_oak_planks":5,"minecraft:shaper_armor_trim_smithing_template":2,"minecraft:tnt":3,"minecraft:stone_shovel":5,"minecraft:stone_sword":5,"minecraft:arrow":11,"minecraft:rotten_flesh":20,"simplyswords:iron_scythe":4,"minecraft:tropical_fish":1,"hybrid-aquatic:magnetic_hook":5,"minecraft:pink_tulip":1,"farmersdelight:rope":21,"minecraft:saddle":1,"minecraft:totem_of_undying":2,"minecraft:host_armor_trim_smithing_template":2,"minecraft:iron_bars":2,"minecraft:cod":6,"minecraft:cobblestone":125,"minecraft:birch_log":164,"minecraft:feather":8,"minecraft:mud_bricks":1,"minecraft:clock":2,"minecraft:andesite":18,"minecraft:water_bucket":1,"minecraft:salmon":3,"minecraft:leather":12,"minecraft:jungle_fence":3,"minecraft:red_mushroom":1,"minecraft:filled_map":1,"minecraft:potato":229,"minecraft:birch_planks":54,"hybrid-aquatic:sea_message_book":3,"simplyswords:gold_chakram":2,"minecraft:oak_log":11,"minecraft:map":1,"minecraft:dirt":100,"minecraft:cooked_mutton":2,"minecraft:bone":26,"farmersdelight:iron_knife":1,"minecraft:stone_bricks":42,"farmersdelight:cooking_pot":2,"minecraft:wheat_seeds":92,"adventurez:raw_venison":2,"minecraft:stone_pickaxe":4,"minecraft:mossy_stone_bricks":40,"minecraft:bamboo":28,"minecraft:stone_hoe":1,"minecraft:iron_sword":6,"simplyswords:diamond_sai":2,"minecraft:oak_planks":2,"minecraft:soul_sand":9,"minecraft:book":92,"minecraft:oak_slab":8,"minecraft:spyglass":1,"minecraft:poisonous_potato":2,"minecraft:dripstone_block":4,"minecraft:sand":22,"minecraft:jungle_planks":8,"minecraft:ink_sac":5,"minecraft:spruce_log":72,"minecraft:dark_oak_log":4,"minecraft:jungle_slab":1,"minecraft:barrel":1,"minecraft:bundle":2,"minecraft:iron_hoe":2,"minecraft:oak_wood":1,"hybrid-aquatic:mahi_mahi":1,"minecraft:slime_ball":4,"hybrid-aquatic:anglerfish":1,"minecraft:spruce_boat":2,"minecraft:stone_axe":10,"minecraft:iron_helmet":9,"minecraft:emerald":8,"minecraft:golden_horse_armor":1,"minecraft:rooted_dirt":15,"minecraft:baked_potato":24,"minecraft:oak_sapling":20,"minecraft:light_gray_carpet":1,"minecraft:coal":369},"minecraft:killed":{"naturalist:boar":1,"minecraft:skeleton":3,"minecraft:chicken":2,"minecraft:drowned":2,"minecraft:pillager":1,"adventurez:deer":2,"minecraft:zombie":1},"minecraft:crafted":{"minecraft:wooden_sword":1,"minecraft:stone_shovel":1,"minecraft:birch_boat":1,"minecraft:furnace":1,"minecraft:iron_boots":1,"minecraft:stone_pickaxe":1,"minecraft:chest":2,"minecraft:dark_oak_planks":16,"minecraft:cooked_porkchop":1,"minecraft:crafting_table":2,"minecraft:iron_helmet":1,"minecraft:wooden_pickaxe":1,"minecraft:baked_potato":9,"minecraft:iron_sword":1,"minecraft:birch_planks":44,"minecraft:stone_axe":1,"minecraft:air":0,"minecraft:bread":4,"minecraft:shield":1,"minecraft:stick":16,"minecraft:iron_ingot":25,"minecraft:iron_pickaxe":1,"minecraft:stone_sword":1,"minecraft:iron_leggings":1,"hybrid-aquatic:magnetic_hook":1,"minecraft:torch":12},"minecraft:used":{"minecraft:stone_sword":43,"minecraft:tropical_fish":1,"minecraft:stone_shovel":40,"minecraft:dried_kelp":17,"minecraft:chest":2,"minecraft:shield":7,"minecraft:iron_sword":84,"minecraft:rotten_flesh":7,"minecraft:iron_chestplate":2,"minecraft:torch":17,"minecraft:dirt":23,"minecraft:soul_sand":1,"minecraft:spyglass":3,"ribbits:toadstool":1,"minecraft:jungle_planks":4,"minecraft:spruce_stairs":1,"minecraft:carrot":1,"minecraft:spruce_boat":2,"minecraft:dark_oak_planks":2,"minecraft:rooted_dirt":5,"minecraft:mud_bricks":1,"simplyswords:iron_scythe":52,"minecraft:furnace":2,"hybrid-aquatic:sea_message_book":1,"hybrid-aquatic:flashlight_fish":3,"minecraft:potato":97,"minecraft:cooked_mutton":2,"minecraft:wheat_seeds":31,"minecraft:birch_planks":9,"minecraft:stone_pickaxe":129,"minecraft:baked_potato":20,"minecraft:birch_boat":1,"minecraft:wooden_pickaxe":40,"minecraft:cracked_stone_bricks":3,"minecraft:salmon":4,"minecraft:sand":5,"minecraft:oak_slab":3,"minecraft:crafting_table":5,"minecraft:tnt":1,"minecraft:red_bed":1,"minecraft:cod":6,"minecraft:bread":12,"minecraft:chicken":3,"minecraft:melon_slice":45,"minecraft:iron_pickaxe":235,"minecraft:stone_axe":176,"minecraft:wooden_sword":1,"minecraft:cobblestone":59,"minecraft:porkchop":2,"minecraft:cooked_porkchop":1,"minecraft:poisonous_potato":1,"minecraft:birch_log":2,"minecraft:coarse_dirt":1},"minecraft:dropped":{"minecraft:birch_planks":2,"minecraft:soul_sand":2,"minecraft:wheat_seeds":35,"hybrid-aquatic:shark_tooth":3,"minecraft:golden_horse_armor":1,"minecraft:dripstone_block":1,"minecraft:feather":4,"minecraft:jungle_planks":4,"minecraft:copper_ingot":2,"minecraft:cod":1,"minecraft:dirt":3,"minecraft:stone_button":1,"minecraft:ink_sac":5,"farmersdelight:cooking_pot":2,"minecraft:iron_leggings":1,"minecraft:wooden_sword":1,"minecraft:string":2,"minecraft:dark_oak_planks":1,"minecraft:pink_tulip":1,"minecraft:stone_axe":1,"minecraft:moss_carpet":2,"minecraft:coarse_dirt":2,"minecraft:wheat":1,"minecraft:rotten_flesh":8,"minecraft:iron_boots":3,"minecraft:light_gray_carpet":1,"farmersdelight:straw":5,"minecraft:azure_bluet":1,"hybrid-aquatic:raw_tentacle":3,"minecraft:rabbit_foot":4,"simplyswords:iron_scythe":1,"minecraft:stone":1,"minecraft:shield":1,"minecraft:iron_chestplate":2,"minecraft:ladder":4,"farmersdelight:rope":7,"minecraft:oak_sapling":4,"minecraft:redstone_torch":1,"minecraft:bamboo":4,"minecraft:stripped_crimson_hyphae":2,"minecraft:arrow":4,"minecraft:slime_ball":2,"minecraft:iron_bars":2,"minecraft:wooden_pickaxe":1,"hybrid-aquatic:flashlight_fish":3},"minecraft:custom":{"minecraft:interact_with_anvil":2,"minecraft:mob_kills":16,"minecraft:interact_with_crafting_table":24,"minecraft:open_barrel":63,"minecraft:interact_with_campfire":9,"minecraft:bell_ring":13,"minecraft:leave_game":2,"minecraft:time_since_death":69865,"minecraft:climb_one_cm":16630,"minecraft:sprint_one_cm":648388,"minecraft:walk_one_cm":289520,"minecraft:damage_blocked_by_shield":315,"minecraft:drop":118,"minecraft:talked_to_villager":1,"minecraft:play_time":240776,"minecraft:deaths":13,"minecraft:sneak_time":1483,"minecraft:walk_under_water_one_cm":57545,"minecraft:boat_one_cm":292080,"minecraft:jump":2611,"minecraft:walk_on_water_one_cm":85063,"minecraft:total_world_time":240776,"minecraft:interact_with_furnace":14,"minecraft:interact_with_loom":1,"minecraft:sleep_in_bed":5,"minecraft:time_since_rest":5496,"minecraft:damage_taken":6452,"minecraft:damage_dealt":3286,"minecraft:swim_one_cm":302616,"minecraft:fly_one_cm":547655,"minecraft:open_chest":56,"minecraft:crouch_one_cm":1589,"minecraft:interact_with_smoker":7,"minecraft:fall_one_cm":62655},"minecraft:killed_by":{"minecraft:player":7,"minecraft:creeper":1,"minecraft:pillager":1,"minecraft:drowned":1,"minecraft:skeleton":1,"minecraft:zombie":1}},"DataVersion":3465}