{"stats":{"minecraft:crafted":{"minecraft:oak_planks":56,"scout:satchel":1,"minecraft:birch_boat":1,"minecraft:iron_boots":1,"minecraft:chest":4,"minecraft:oak_button":2,"minecraft:iron_door":3,"minecraft:golden_boots":1,"minecraft:cooked_porkchop":1,"minecraft:crafting_table":5,"minecraft:spruce_planks":28,"minecraft:iron_helmet":1,"minecraft:baked_potato":9,"minecraft:wooden_pickaxe":2,"minecraft:birch_planks":44,"minecraft:shield":1,"minecraft:stick":20,"minecraft:iron_ingot":25,"minecraft:iron_pickaxe":1,"minecraft:stone_sword":1,"scout:satchel_strap":2,"minecraft:wooden_sword":1,"minecraft:stone_shovel":1,"minecraft:furnace":1,"minecraft:stone_pickaxe":1,"minecraft:dark_oak_planks":16,"minecraft:wheat":81,"minecraft:iron_sword":1,"minecraft:stone_axe":1,"minecraft:bread":31,"minecraft:air":0,"hybrid-aquatic:magnetic_hook":1,"minecraft:iron_leggings":1,"minecraft:torch":12},"minecraft:mined":{"minecraft:dark_oak_planks":5,"minecraft:spruce_planks":3,"minecraft:white_bed":1,"graveyard:tg_coarse_dirt":1,"minecraft:red_nether_bricks":6,"minecraft:brewing_stand":1,"minecraft:spruce_trapdoor":4,"minecraft:grass_block":26,"minecraft:spawner":3,"minecraft:dark_oak_trapdoor":1,"minecraft:iron_ore":9,"minecraft:barrel":1,"minecraft:anvil":1,"minecraft:skeleton_wall_skull":1,"minecraft:oak_stairs":2,"minecraft:iron_bars":2,"minecraft:green_carpet":1,"minecraft:spruce_wood":7,"minecraft:spruce_slab":2,"minecraft:powder_snow":5,"minecraft:torch":1,"minecraft:calcite":3,"minecraft:melon":13,"minecraft:chest":4,"minecraft:dead_bush":2,"minecraft:nether_brick_slab":4,"minecraft:cobblestone":10,"minecraft:oak_planks":4,"minecraft:wall_torch":9,"minecraft:birch_log":32,"minecraft:wheat":31,"graveyard:skull_pile":1,"minecraft:smooth_stone_slab":1,"minecraft:grass":22,"graveyard:creeper_skeleton":1,"minecraft:oak_log":24,"minecraft:dirt":33,"minecraft:sand":22,"minecraft:smooth_quartz":2,"minecraft:oak_leaves":3,"minecraft:oak_door":1,"minecraft:dark_oak_log":4,"minecraft:ladder":2,"minecraft:chiseled_bookshelf":13,"minecraft:cobbled_deepslate_slab":2,"minecraft:purple_terracotta":3,"minecraft:spruce_leaves":22,"minecraft:hay_block":9,"minecraft:furnace":2,"graveyard:tg_moss_block":2,"minecraft:andesite":6,"minecraft:bookshelf":13,"minecraft:potatoes":60,"minecraft:stone":69,"farmersdelight:cooking_pot":1,"minecraft:podzol":1,"minecraft:light_gray_carpet":1,"minecraft:oak_slab":4,"minecraft:crafting_table":4,"minecraft:oak_wood":3,"minecraft:campfire":1,"minecraft:tall_grass":12,"minecraft:spruce_stairs":1,"minecraft:coarse_dirt":4,"minecraft:sweet_berry_bush":1,"minecraft:spruce_log":16,"minecraft:birch_leaves":3,"hybrid-aquatic:message_in_a_bottle":1,"minecraft:mangrove_slab":1,"minecraft:coal_ore":59,"graveyard:leaning_skeleton":1,"minecraft:gray_carpet":1,"minecraft:cobweb":7,"minecraft:cracked_stone_bricks":4,"minecraft:stone_bricks":22,"minecraft:polished_andesite":3,"minecraft:mossy_stone_bricks":10,"minecraft:fern":10},"minecraft:broken":{"minecraft:golden_boots":1,"minecraft:chainmail_boots":1},"minecraft:killed":{"minecraft:spider":6,"naturalist:boar":1,"minecraft:skeleton":6,"graveyard:acolyte":2,"minecraft:chicken":2,"minecraft:illusioner":1,"minecraft:pillager":1,"minecraft:zombie":1,"minecraft:cow":2,"minecraft:drowned":2,"minecraft:husk":15,"adventurez:deer":2},"minecraft:custom":{"minecraft:interact_with_crafting_table":38,"minecraft:open_barrel":101,"minecraft:bell_ring":13,"minecraft:eat_cake_slice":1,"minecraft:leave_game":6,"minecraft:time_since_death":12165,"minecraft:damage_resisted":92,"minecraft:sprint_one_cm":1226536,"minecraft:damage_blocked_by_shield":550,"minecraft:drop":296,"minecraft:talked_to_villager":1,"minecraft:play_time":418801,"minecraft:deaths":36,"minecraft:jump":4900,"minecraft:walk_on_water_one_cm":91832,"minecraft:interact_with_furnace":17,"minecraft:interact_with_loom":1,"minecraft:sleep_in_bed":8,"minecraft:damage_dealt":11106,"minecraft:player_kills":1,"minecraft:crouch_one_cm":9888,"minecraft:interact_with_smoker":8,"minecraft:horse_one_cm":154857,"minecraft:interact_with_anvil":2,"minecraft:mob_kills":45,"minecraft:interact_with_campfire":17,"minecraft:climb_one_cm":36846,"minecraft:walk_one_cm":623896,"minecraft:sneak_time":4429,"minecraft:walk_under_water_one_cm":60724,"minecraft:boat_one_cm":292080,"minecraft:total_world_time":418801,"minecraft:time_since_rest":12198,"minecraft:damage_taken":16021,"minecraft:damage_absorbed":20,"minecraft:swim_one_cm":304142,"minecraft:fly_one_cm":1071699,"minecraft:open_chest":118,"minecraft:fall_one_cm":121319},"minecraft:picked_up":{"minecraft:iron_chestplate":11,"minecraft:wheat":86,"minecraft:anvil":1,"minecraft:chainmail_boots":5,"minecraft:nether_brick_fence":1,"minecraft:flower_pot":1,"minecraft:diamond_sword":2,"minecraft:lead":1,"hybrid-aquatic:raw_tentacle":3,"minecraft:oak_stairs":2,"minecraft:potion":4,"minecraft:enchanted_book":14,"simplyswords:gold_greataxe":3,"minecraft:brewing_stand":1,"minecraft:golden_sword":1,"minecraft:music_disc_cat":3,"minecraft:string":51,"minecraft:smooth_stone_slab":25,"minecraft:red_nether_bricks":5,"minecraft:iron_leggings":9,"minecraft:sea_pickle":2,"minecraft:diamond_leggings":4,"minecraft:spruce_planks":133,"minecraft:redstone_torch":2,"minecraft:calcite":8,"minecraft:iron_pickaxe":8,"minecraft:melon_slice":54,"minecraft:coal_block":38,"minecraft:iron_boots":7,"minecraft:furnace":5,"minecraft:tipped_arrow":4,"minecraft:stick":19,"ribbits:toadstool":1,"minecraft:composter":1,"minecraft:birch_trapdoor":3,"hybrid-aquatic:flashlight_fish":12,"minecraft:torch":97,"minecraft:spruce_stairs":6,"minecraft:porkchop":3,"minecraft:dried_kelp":49,"minecraft:rabbit_foot":4,"minecraft:shaper_armor_trim_smithing_template":2,"minecraft:stone_sword":5,"minecraft:rotten_flesh":59,"minecraft:tropical_fish":1,"hybrid-aquatic:magnetic_hook":7,"minecraft:cyan_terracotta":1,"farmersdelight:rope":21,"minecraft:host_armor_trim_smithing_template":2,"minecraft:iron_bars":2,"adventurez:orc_skin":8,"minecraft:cod":6,"minecraft:cobblestone":127,"minecraft:birch_log":164,"minecraft:leather_chestplate":1,"minecraft:feather":8,"minecraft:cooked_beef":20,"minecraft:water_bucket":5,"minecraft:andesite":25,"minecraft:potato":230,"hybrid-aquatic:sea_message_book":3,"minecraft:map":1,"minecraft:mangrove_slab":1,"minecraft:dirt":133,"minecraft:stripped_birch_log":9,"minecraft:lantern":1,"minecraft:name_tag":4,"minecraft:leather_boots":1,"minecraft:purple_carpet":6,"minecraft:bone":156,"farmersdelight:iron_knife":3,"minecraft:wheat_seeds":102,"adventurez:raw_venison":2,"minecraft:cobbled_deepslate_slab":1,"minecraft:mossy_stone_bricks":41,"minecraft:glowstone_dust":1,"minecraft:bamboo":28,"minecraft:moss_block":8,"minecraft:stone_hoe":1,"simplyswords:diamond_sai":3,"minecraft:oak_planks":99,"minecraft:diorite_wall":1,"scout:upgraded_satchel":2,"minecraft:poisonous_potato":2,"minecraft:jungle_planks":8,"minecraft:sand":22,"minecraft:ink_sac":5,"minecraft:grass_block":1,"minecraft:jungle_slab":1,"minecraft:dark_oak_log":4,"minecraft:barrel":3,"simplyswords:iron_twinblade":1,"minecraft:bundle":3,"minecraft:iron_hoe":6,"minecraft:polished_andesite":16,"immersive_melodies:piano":1,"scout:tanned_leather":28,"minecraft:diamond":8,"minecraft:spruce_boat":2,"minecraft:crossbow":1,"minecraft:bone_meal":60,"minecraft:golden_apple":26,"minecraft:golden_horse_armor":1,"minecraft:emerald":26,"minecraft:bread":153,"minecraft:rooted_dirt":18,"minecraft:oak_sapling":20,"minecraft:light_gray_carpet":1,"minecraft:fishing_rod":1,"minecraft:charcoal":4,"minecraft:coarse_dirt":10,"minecraft:crafting_table":6,"minecraft:azure_bluet":1,"minecraft:chicken":5,"minecraft:ladder":5,"simplyswords:diamond_katana":4,"minecraft:golden_pickaxe":2,"minecraft:leather_leggings":7,"minecraft:wooden_pickaxe":1,"friendsandfoes:totem_of_illusion":2,"minecraft:shield":10,"minecraft:red_bed":2,"minecraft:moss_carpet":2,"minecraft:iron_axe":3,"minecraft:flint_and_steel":7,"minecraft:item_frame":13,"minecraft:compass":4,"minecraft:iron_shovel":3,"minecraft:cyan_carpet":12,"minecraft:blackstone":57,"torchesntrinkets:lantern_belt":2,"graveyard:corruption":10,"minecraft:cracked_stone_bricks":32,"simplyswords:runic_tablet":1,"minecraft:candle":12,"minecraft:beef":2,"farmersdelight:straw":15,"minecraft:observer":1,"minecraft:iron_nugget":12,"minecraft:light_gray_wool":1,"minecraft:spruce_slab":3,"minecraft:chest":4,"minecraft:waxed_oxidized_copper":1,"minecraft:spruce_trapdoor":4,"scout:upgraded_pouch":6,"minecraft:diamond_hoe":3,"minecraft:stripped_crimson_hyphae":4,"minecraft:raw_iron":59,"minecraft:stripped_mangrove_wood":1,"minecraft:stone":1,"minecraft:oak_door":2,"minecraft:copper_ingot":4,"minecraft:bowl":6,"minecraft:spruce_fence":2,"minecraft:stone_button":4,"minecraft:trident":3,"hybrid-aquatic:shark_tooth":3,"minecraft:carrot":3,"minecraft:iron_horse_armor":1,"minecraft:purple_terracotta":6,"minecraft:dark_oak_planks":5,"minecraft:tnt":3,"minecraft:arrow":67,"minecraft:bamboo_sign":2,"minecraft:stone_shovel":5,"minecraft:diamond_chestplate":6,"simplyswords:iron_scythe":5,"scout:satchel":6,"minecraft:pumpkin_pie":11,"minecraft:diamond_boots":1,"minecraft:hay_block":9,"minecraft:pink_tulip":1,"minecraft:gold_ingot":18,"minecraft:saddle":1,"minecraft:totem_of_undying":4,"minecraft:mutton":1,"minecraft:glow_berries":1,"minecraft:skeleton_skull":7,"minecraft:white_wool":8,"minecraft:mud_bricks":1,"minecraft:clock":4,"minecraft:golden_carrot":28,"minecraft:salmon":3,"minecraft:leather":24,"minecraft:jungle_fence":3,"minecraft:red_mushroom":1,"minecraft:filled_map":1,"minecraft:birch_planks":54,"simplyswords:gold_chakram":3,"graveyard:small_light_gray_urn":2,"minecraft:oak_log":24,"minecraft:chainmail_chestplate":1,"minecraft:golden_boots":1,"minecraft:cooked_mutton":2,"minecraft:red_carpet":21,"minecraft:gray_carpet":3,"minecraft:stone_bricks":43,"farmersdelight:cooking_pot":2,"minecraft:spruce_wood":7,"minecraft:iron_ingot":59,"minecraft:stone_pickaxe":6,"minecraft:cobweb":17,"minecraft:glass_bottle":2,"minecraft:mangrove_planks":2,"minecraft:soul_sand":9,"minecraft:iron_sword":23,"minecraft:book":168,"minecraft:oak_slab":8,"minecraft:sweet_berries":2,"minecraft:spyglass":3,"minecraft:dripstone_block":4,"minecraft:spruce_sapling":2,"minecraft:red_banner":1,"minecraft:white_bed":1,"minecraft:spruce_log":78,"minecraft:nether_brick_slab":1,"minecraft:green_carpet":1,"minecraft:spider_eye":6,"minecraft:leather_helmet":2,"simplyswords:gold_glaive":2,"minecraft:oak_wood":19,"minecraft:diamond_shovel":2,"minecraft:pumpkin_seeds":8,"hybrid-aquatic:mahi_mahi":1,"minecraft:slime_ball":4,"hybrid-aquatic:anglerfish":1,"minecraft:stone_axe":10,"minecraft:iron_helmet":15,"minecraft:diamond_axe":2,"minecraft:baked_potato":24,"minecraft:melon_seeds":3,"minecraft:netherite_hoe":3,"minecraft:coal":493},"minecraft:killed_by":{"minecraft:creeper":1,"minecraft:pillager":8,"minecraft:drowned":1,"minecraft:vindicator":5,"minecraft:zombie":1,"minecraft:vex":1,"minecraft:illusioner":5,"minecraft:player":9,"minecraft:spider":1,"adventurez:orc":1,"minecraft:skeleton":1},"minecraft:used":{"minecraft:moss_block":3,"minecraft:nether_brick_fence":1,"minecraft:ladder":1,"minecraft:chest":8,"minecraft:shield":14,"minecraft:iron_sword":272,"minecraft:rotten_flesh":13,"minecraft:iron_chestplate":5,"minecraft:soul_sand":1,"ribbits:toadstool":1,"minecraft:jungle_planks":4,"minecraft:carrot":1,"minecraft:spruce_boat":2,"minecraft:iron_helmet":2,"minecraft:diorite_wall":1,"minecraft:stone_bricks":1,"simplyswords:iron_scythe":84,"minecraft:furnace":2,"minecraft:skeleton_skull":1,"minecraft:potato":101,"minecraft:golden_boots":1,"minecraft:mossy_stone_bricks":1,"minecraft:stone_pickaxe":129,"minecraft:gray_carpet":1,"minecraft:oak_planks":11,"minecraft:wooden_pickaxe":46,"minecraft:diamond_axe":92,"minecraft:sand":5,"minecraft:bread":28,"minecraft:melon_slice":47,"minecraft:cyan_carpet":4,"minecraft:iron_door":1,"minecraft:wooden_sword":1,"minecraft:poisonous_potato":1,"minecraft:andesite":5,"minecraft:birch_log":2,"minecraft:smooth_stone_slab":8,"minecraft:coarse_dirt":1,"minecraft:experience_bottle":9,"minecraft:cobweb":3,"minecraft:stone_sword":43,"minecraft:tropical_fish":1,"minecraft:stone_shovel":40,"minecraft:dried_kelp":17,"minecraft:spruce_planks":63,"minecraft:torch":30,"minecraft:dirt":39,"minecraft:spyglass":3,"minecraft:spruce_stairs":1,"minecraft:spruce_fence":2,"minecraft:iron_hoe":19,"minecraft:dark_oak_planks":2,"minecraft:rooted_dirt":6,"minecraft:mud_bricks":1,"minecraft:barrel":2,"minecraft:light_gray_wool":1,"minecraft:diamond_chestplate":2,"minecraft:beef":1,"hybrid-aquatic:sea_message_book":1,"hybrid-aquatic:flashlight_fish":3,"minecraft:cooked_beef":12,"minecraft:observer":1,"minecraft:calcite":3,"minecraft:wheat_seeds":31,"minecraft:cooked_mutton":2,"minecraft:water_bucket":2,"simplyswords:diamond_katana":6,"minecraft:birch_planks":9,"minecraft:polished_andesite":6,"minecraft:baked_potato":26,"minecraft:birch_boat":1,"minecraft:cracked_stone_bricks":3,"minecraft:salmon":4,"minecraft:oak_slab":3,"minecraft:crafting_table":8,"minecraft:tnt":1,"minecraft:red_bed":1,"simplyswords:iron_twinblade":12,"minecraft:white_bed":1,"minecraft:cod":6,"minecraft:apple":11,"minecraft:chicken":3,"minecraft:oak_button":2,"minecraft:iron_pickaxe":289,"minecraft:green_carpet":1,"minecraft:stone_axe":176,"minecraft:cobblestone":63,"minecraft:potion":1,"minecraft:cobbled_deepslate_slab":1,"minecraft:porkchop":2,"minecraft:cooked_porkchop":1,"minecraft:bucket":2,"minecraft:pumpkin_pie":16,"minecraft:candle":1},"minecraft:dropped":{"minecraft:iron_sword":5,"minecraft:soul_sand":2,"minecraft:candle":2,"minecraft:birch_planks":2,"minecraft:stripped_mangrove_wood":1,"hybrid-aquatic:shark_tooth":3,"minecraft:glass_bottle":1,"minecraft:crossbow":1,"minecraft:jungle_planks":4,"minecraft:mangrove_planks":2,"graveyard:corruption":2,"minecraft:red_carpet":21,"minecraft:cod":1,"minecraft:item_frame":13,"minecraft:dirt":3,"minecraft:stone_button":1,"minecraft:wooden_sword":1,"minecraft:dark_oak_planks":1,"minecraft:mangrove_slab":1,"minecraft:white_wool":8,"minecraft:cyan_carpet":4,"minecraft:bone":2,"minecraft:stone_axe":1,"simplyswords:runic_tablet":2,"minecraft:wheat":1,"minecraft:rotten_flesh":12,"scout:upgraded_pouch":1,"minecraft:light_gray_carpet":1,"minecraft:azure_bluet":1,"hybrid-aquatic:raw_tentacle":3,"minecraft:rabbit_foot":4,"minecraft:chainmail_chestplate":1,"minecraft:leather_chestplate":1,"minecraft:tipped_arrow":4,"minecraft:birch_trapdoor":3,"minecraft:oak_wood":16,"minecraft:ladder":4,"minecraft:spruce_wood":1,"minecraft:leather_boots":1,"minecraft:leather_leggings":2,"farmersdelight:rope":7,"minecraft:iron_bars":2,"minecraft:arrow":12,"hybrid-aquatic:flashlight_fish":3,"minecraft:bread":35,"minecraft:wheat_seeds":39,"minecraft:golden_horse_armor":1,"minecraft:dripstone_block":1,"minecraft:feather":4,"minecraft:iron_helmet":1,"minecraft:copper_ingot":2,"minecraft:spruce_stairs":4,"minecraft:grass_block":1,"minecraft:coal":1,"minecraft:golden_apple":9,"minecraft:stick":3,"minecraft:ink_sac":5,"farmersdelight:cooking_pot":2,"minecraft:iron_leggings":1,"minecraft:stripped_birch_log":9,"minecraft:iron_shovel":1,"minecraft:string":3,"minecraft:gray_carpet":1,"minecraft:spruce_sapling":2,"minecraft:pink_tulip":1,"minecraft:nether_brick_slab":1,"minecraft:moss_carpet":2,"minecraft:coarse_dirt":2,"minecraft:composter":1,"minecraft:stone_shovel":1,"minecraft:red_banner":1,"minecraft:iron_boots":3,"minecraft:bamboo_sign":2,"farmersdelight:straw":5,"minecraft:filled_map":1,"minecraft:diamond_sword":1,"minecraft:potato":1,"simplyswords:iron_scythe":1,"minecraft:stone":1,"minecraft:shield":1,"minecraft:flower_pot":1,"minecraft:sea_pickle":2,"adventurez:orc_skin":8,"minecraft:spruce_planks":18,"minecraft:iron_chestplate":3,"minecraft:oak_sapling":4,"minecraft:redstone_torch":1,"minecraft:spider_eye":2,"minecraft:bamboo":4,"minecraft:spruce_log":3,"minecraft:slime_ball":2,"minecraft:stripped_crimson_hyphae":2,"minecraft:wooden_pickaxe":1,"minecraft:calcite":5}},"DataVersion":3465}