{"stats":{"minecraft:used":{"minecraft:crafting_table":1},"minecraft:crafted":{"minecraft:acacia_planks":8,"minecraft:crafting_table":1,"minecraft:stick":8},"minecraft:mined":{"minecraft:short_grass":24,"minecraft:acacia_log":2,"minecraft:tall_grass":5},"minecraft:custom":{"minecraft:open_chest":4,"minecraft:time_since_rest":2991,"minecraft:crouch_one_cm":11,"minecraft:sprint_one_cm":12080,"minecraft:play_time":4431,"minecraft:deaths":1,"minecraft:damage_taken":65,"minecraft:walk_one_cm":7141,"minecraft:sneak_time":55,"minecraft:jump":95,"minecraft:damage_dealt":155,"minecraft:leave_game":2,"minecraft:time_since_death":2959,"minecraft:total_world_time":4431,"minecraft:interact_with_crafting_table":1,"minecraft:fall_one_cm":1672,"minecraft:fly_one_cm":21001,"minecraft:inspect_dispenser":1},"minecraft:picked_up":{"minecraft:wheat_seeds":1,"minecraft:acacia_log":2}},"DataVersion":3700}