{"stats":{"minecraft:used":{"minecraft:crafting_table":1,"minecraft:egg":1},"minecraft:crafted":{"minecraft:acacia_planks":8,"minecraft:crafting_table":1,"minecraft:stick":8},"minecraft:mined":{"minecraft:short_grass":24,"minecraft:acacia_log":2,"minecraft:tall_grass":5},"minecraft:custom":{"minecraft:open_chest":4,"minecraft:time_since_rest":2390,"minecraft:crouch_one_cm":1061,"minecraft:sprint_one_cm":48186,"minecraft:play_time":12056,"minecraft:deaths":3,"minecraft:damage_taken":833,"minecraft:walk_one_cm":19949,"minecraft:sneak_time":700,"minecraft:walk_under_water_one_cm":783,"minecraft:mob_kills":1,"minecraft:jump":249,"minecraft:damage_dealt":213,"minecraft:leave_game":3,"minecraft:walk_on_water_one_cm":1542,"minecraft:time_since_death":1265,"minecraft:total_world_time":12056,"minecraft:swim_one_cm":2293,"minecraft:interact_with_crafting_table":1,"minecraft:fall_one_cm":7041,"minecraft:fly_one_cm":65679,"minecraft:inspect_dispenser":1},"minecraft:picked_up":{"minecraft:item_frame":2,"minecraft:feather":22,"minecraft:chicken":35,"minecraft:glow_ink_sac":5,"minecraft:salmon":1,"minecraft:leather":8,"minecraft:diamond_sword":1,"minecraft:wheat_seeds":1,"minecraft:acacia_log":2,"minecraft:gravel":2,"minecraft:beef":13,"minecraft:porkchop":18,"minecraft:ink_sac":3,"minecraft:black_wool":1,"minecraft:mutton":11,"minecraft:white_wool":5,"minecraft:egg":1}},"DataVersion":3700}