{"stats":{"minecraft:killed":{"minecraft:sheep":4},"minecraft:dropped":{"minecraft:wheat_seeds":1,"minecraft:chicken":1,"minecraft:feather":21,"minecraft:beetroot_seeds":7},"minecraft:used":{"minecraft:light_blue_carpet":1,"minecraft:wooden_pickaxe":22,"minecraft:white_wool":36,"minecraft:orange_bed":1,"minecraft:dirt":10,"minecraft:sand":1,"minecraft:crafting_table":1,"minecraft:snowball":15,"minecraft:iron_pickaxe":12,"minecraft:green_wool":6,"minecraft:detector_rail":16,"minecraft:red_carpet":4,"minecraft:cobblestone":11,"minecraft:experience_bottle":51},"minecraft:killed_by":{"minecraft:player":1,"minecraft:zombie":1},"minecraft:crafted":{"minecraft:crafting_table":1,"minecraft:wooden_pickaxe":1,"minecraft:stone_axe":1,"minecraft:stick":8,"minecraft:stone_pickaxe":1,"minecraft:stone_sword":1,"minecraft:acacia_planks":24},"minecraft:custom":{"minecraft:mob_kills":4,"minecraft:interact_with_crafting_table":2,"minecraft:leave_game":1,"minecraft:time_since_death":14879,"minecraft:sleep_in_bed":1,"minecraft:climb_one_cm":20297,"minecraft:time_since_rest":14909,"minecraft:sprint_one_cm":200493,"minecraft:damage_taken":4763,"minecraft:walk_one_cm":109330,"minecraft:trigger_trapped_chest":2,"minecraft:drop":10,"minecraft:damage_dealt":538,"minecraft:swim_one_cm":50422,"minecraft:fly_one_cm":360021,"minecraft:open_chest":22,"minecraft:crouch_one_cm":6062,"minecraft:play_time":47588,"minecraft:deaths":9,"minecraft:sneak_time":2270,"minecraft:walk_under_water_one_cm":6724,"minecraft:jump":1478,"minecraft:walk_on_water_one_cm":15440,"minecraft:total_world_time":47588,"minecraft:inspect_dispenser":3,"minecraft:fall_one_cm":74675},"minecraft:mined":{"minecraft:blue_carpet":2,"minecraft:diamond_ore":3,"minecraft:acacia_leaves":1,"minecraft:glass_pane":1,"minecraft:red_stained_glass":2,"minecraft:light_blue_carpet":1,"minecraft:torch":1,"minecraft:short_grass":2,"minecraft:acacia_log":6,"minecraft:grass_block":5,"minecraft:glass":4,"minecraft:wall_torch":1,"minecraft:cactus":2,"minecraft:glowstone":9,"minecraft:fire":23,"minecraft:white_wall_banner":1,"minecraft:sand":1,"minecraft:dirt":6,"minecraft:stone":28,"minecraft:oak_leaves":1,"minecraft:orange_bed":3},"minecraft:picked_up":{"minecraft:feather":33,"minecraft:chicken":20,"minecraft:glow_ink_sac":7,"minecraft:leather":122,"minecraft:diamond_sword":6,"minecraft:enchanted_book":6,"minecraft:lapis_lazuli":124,"minecraft:dirt":11,"minecraft:white_banner":1,"minecraft:name_tag":28,"minecraft:item_frame":8,"minecraft:white_carpet":1,"minecraft:red_carpet":5,"minecraft:experience_bottle":64,"minecraft:activator_rail":6,"minecraft:wheat_seeds":1,"minecraft:detector_rail":32,"minecraft:beef":94,"minecraft:iron_ingot":33,"minecraft:iron_pickaxe":1,"minecraft:light_gray_wool":1,"minecraft:glowstone_dust":25,"minecraft:powered_rail":28,"minecraft:lime_wool":1,"minecraft:torch":118,"minecraft:acacia_log":6,"minecraft:sand":1,"minecraft:porkchop":153,"minecraft:ink_sac":15,"minecraft:redstone":5,"minecraft:orange_bed":3,"minecraft:pumpkin_seeds":13,"minecraft:cactus":17,"minecraft:diamond":7,"minecraft:beetroot_seeds":7,"minecraft:light_blue_carpet":1,"minecraft:golden_apple":1,"minecraft:gray_wool":1,"minecraft:green_wool":13,"minecraft:gold_ingot":1,"minecraft:melon_seeds":11,"minecraft:black_wool":1,"minecraft:glow_berries":29,"minecraft:mutton":101,"minecraft:white_wool":154,"minecraft:coal":45,"minecraft:rail":82,"minecraft:cobblestone":28}},"DataVersion":3700}