{"stats":{"minecraft:used":{"minecraft:dirt":3,"minecraft:cobblestone":2,"minecraft:crafting_table":1,"minecraft:wooden_pickaxe":22},"minecraft:killed_by":{"minecraft:player":1},"minecraft:mined":{"minecraft:short_grass":1,"minecraft:acacia_log":6,"minecraft:grass_block":1,"minecraft:acacia_leaves":1,"minecraft:dirt":2,"minecraft:stone":19},"minecraft:crafted":{"minecraft:stone_sword":1,"minecraft:acacia_planks":24,"minecraft:stone_axe":1,"minecraft:crafting_table":1,"minecraft:stick":8,"minecraft:stone_pickaxe":1,"minecraft:wooden_pickaxe":1},"minecraft:custom":{"minecraft:open_chest":5,"minecraft:time_since_rest":383,"minecraft:crouch_one_cm":789,"minecraft:play_time":5588,"minecraft:sprint_one_cm":7608,"minecraft:damage_taken":318,"minecraft:deaths":3,"minecraft:walk_one_cm":9365,"minecraft:sneak_time":217,"minecraft:jump":112,"minecraft:damage_dealt":76,"minecraft:walk_on_water_one_cm":736,"minecraft:leave_game":1,"minecraft:time_since_death":355,"minecraft:total_world_time":5588,"minecraft:inspect_dispenser":3,"minecraft:interact_with_crafting_table":2,"minecraft:fall_one_cm":4132,"minecraft:fly_one_cm":17765},"minecraft:picked_up":{"minecraft:lime_wool":1,"minecraft:acacia_log":6,"minecraft:dirt":3,"minecraft:cobblestone":19}},"DataVersion":3700}