{"stats":{"minecraft:killed":{"minecraft:wither":13,"minecraft:skeleton":1,"minecraft:sheep":4,"minecraft:wither_skeleton":3},"minecraft:dropped":{"minecraft:enchanted_book":1,"minecraft:birch_planks":1,"minecraft:wheat_seeds":43,"minecraft:oak_log":2,"minecraft:golden_pickaxe":3,"minecraft:nether_star":16,"minecraft:netherite_chestplate":1,"minecraft:netherite_helmet":1,"minecraft:oak_fence":2,"minecraft:feather":21,"minecraft:cobblestone":25,"minecraft:spectral_arrow":4,"minecraft:coal":1,"minecraft:stick":2,"minecraft:dirt":356,"minecraft:birch_fence":1,"minecraft:netherite_boots":1,"minecraft:dried_kelp":121,"minecraft:iron_pickaxe":1,"minecraft:bone":1,"minecraft:anvil":83,"minecraft:bowl":1,"minecraft:beetroot":64,"minecraft:chicken":1,"minecraft:enchanted_golden_apple":42,"minecraft:glowstone_dust":2,"minecraft:totem_of_undying":1,"minecraft:netherite_leggings":1,"minecraft:suspicious_stew":1,"minecraft:diamond_pickaxe":1,"minecraft:beetroot_seeds":7,"minecraft:rabbit_stew":1,"minecraft:arrow":2,"minecraft:bow":3},"minecraft:broken":{"minecraft:netherite_helmet":1},"minecraft:used":{"minecraft:oak_fence":1,"minecraft:trident":2,"minecraft:netherite_sword":418,"minecraft:dried_kelp":4,"minecraft:iron_sword":1,"minecraft:iron_chestplate":1,"minecraft:orange_bed":1,"minecraft:dirt":13,"minecraft:anvil":5,"minecraft:white_carpet":1,"minecraft:diamond_helmet":1,"minecraft:snowball":15,"minecraft:warden_spawn_egg":80,"minecraft:green_wool":6,"minecraft:iron_helmet":1,"minecraft:iron_boots":1,"minecraft:totem_of_undying":10,"minecraft:waxed_exposed_cut_copper_slab":15,"minecraft:diamond_chestplate":1,"minecraft:red_carpet":5,"minecraft:bow":440,"minecraft:netherite_pickaxe":11,"minecraft:enchanted_golden_apple":92,"minecraft:iron_leggings":1,"minecraft:light_blue_carpet":1,"minecraft:diamond_boots":1,"minecraft:wither_skeleton_skull":1,"minecraft:chorus_fruit":6,"minecraft:powered_rail":7,"minecraft:oak_planks":2,"minecraft:ender_pearl":3,"minecraft:wooden_pickaxe":22,"minecraft:white_wool":36,"minecraft:golden_apple":17,"minecraft:diamond_block":1,"minecraft:sand":1,"minecraft:crafting_table":1,"minecraft:iron_pickaxe":12,"minecraft:suspicious_stew":1,"minecraft:netherite_axe":13,"minecraft:detector_rail":16,"minecraft:diamond_sword":6,"minecraft:cobblestone":59,"minecraft:white_banner":1,"minecraft:wither_rose":3,"minecraft:diamond_leggings":1,"minecraft:experience_bottle":307},"minecraft:killed_by":{"minecraft:player":3,"minecraft:creeper":1,"minecraft:spider":1,"minecraft:zombie":2,"minecraft:wither":5},"minecraft:crafted":{"minecraft:stone_pickaxe":1,"minecraft:crafting_table":1,"minecraft:wooden_pickaxe":1,"minecraft:stone_axe":1,"minecraft:stick":8,"minecraft:stone_sword":1,"minecraft:acacia_planks":24},"minecraft:custom":{"minecraft:interact_with_anvil":11,"minecraft:mob_kills":22,"minecraft:interact_with_crafting_table":2,"minecraft:leave_game":2,"minecraft:time_since_death":1262,"minecraft:climb_one_cm":22066,"minecraft:damage_resisted":8442,"minecraft:sprint_one_cm":392212,"minecraft:walk_one_cm":359103,"minecraft:drop":467,"minecraft:play_time":139134,"minecraft:deaths":25,"minecraft:sneak_time":4113,"minecraft:walk_under_water_one_cm":18191,"minecraft:jump":4127,"minecraft:walk_on_water_one_cm":32691,"minecraft:total_world_time":139134,"minecraft:interact_with_furnace":1,"minecraft:sleep_in_bed":1,"minecraft:time_since_rest":1287,"minecraft:damage_taken":19683,"minecraft:damage_absorbed":9991,"minecraft:trigger_trapped_chest":2,"minecraft:damage_dealt":25424,"minecraft:swim_one_cm":93935,"minecraft:fly_one_cm":799657,"minecraft:player_kills":2,"minecraft:open_chest":38,"minecraft:crouch_one_cm":14937,"minecraft:fall_one_cm":171866,"minecraft:inspect_dispenser":3},"minecraft:mined":{"minecraft:blue_carpet":2,"minecraft:diamond_ore":3,"minecraft:red_carpet":1,"minecraft:red_stained_glass":2,"minecraft:light_blue_carpet":1,"minecraft:acacia_log":6,"minecraft:grass_block":5,"minecraft:white_stained_glass":1,"minecraft:glowstone":10,"minecraft:fire":23,"minecraft:diamond_block":9,"minecraft:stone":28,"minecraft:orange_bed":3,"minecraft:acacia_leaves":13,"minecraft:glass_pane":1,"minecraft:soul_sand":5,"minecraft:oak_fence":3,"minecraft:torch":1,"minecraft:short_grass":82,"minecraft:beacon":1,"minecraft:glass":10,"minecraft:tall_grass":10,"minecraft:oak_planks":2,"minecraft:wall_torch":1,"minecraft:black_stained_glass":4,"minecraft:birch_planks":1,"minecraft:cactus":2,"minecraft:white_wall_banner":2,"minecraft:wither_rose":2,"minecraft:oak_log":3,"minecraft:sand":1,"minecraft:dirt":8,"minecraft:wither_skeleton_skull":1,"minecraft:oak_leaves":4,"minecraft:birch_fence":1},"minecraft:picked_up":{"minecraft:iron_chestplate":1,"minecraft:chicken":84,"minecraft:anvil":88,"minecraft:suspicious_stew":2,"minecraft:rabbit_stew":1,"minecraft:golden_pickaxe":3,"minecraft:diamond_sword":7,"minecraft:wither_rose":4,"minecraft:enchanted_book":24,"minecraft:shield":3,"minecraft:netherite_ingot":122,"minecraft:iron_leggings":1,"minecraft:item_frame":8,"minecraft:white_carpet":2,"minecraft:experience_bottle":386,"minecraft:birch_fence":1,"minecraft:beetroot":64,"minecraft:activator_rail":6,"minecraft:diamond_leggings":1,"minecraft:detector_rail":32,"minecraft:netherite_sword":5,"minecraft:beef":94,"minecraft:iron_pickaxe":4,"minecraft:light_gray_wool":1,"minecraft:enchanted_golden_apple":1042,"minecraft:iron_boots":1,"minecraft:tipped_arrow":832,"minecraft:lime_wool":1,"minecraft:stick":6,"minecraft:oak_fence":3,"minecraft:torch":121,"minecraft:acacia_log":14,"minecraft:porkchop":153,"minecraft:dried_kelp":125,"minecraft:trident":1,"minecraft:redstone":5,"minecraft:netherite_pickaxe":3,"minecraft:waxed_exposed_cut_copper_slab":64,"minecraft:orange_bed":3,"minecraft:rotten_flesh":2,"minecraft:arrow":35,"minecraft:cactus":17,"minecraft:diamond_chestplate":1,"minecraft:beetroot_seeds":7,"minecraft:diamond_boots":1,"minecraft:green_wool":13,"minecraft:gold_ingot":1,"minecraft:totem_of_undying":33,"minecraft:netherite_chestplate":8,"minecraft:mutton":101,"minecraft:glow_berries":29,"minecraft:rail":82,"minecraft:white_wool":154,"minecraft:cobblestone":101,"minecraft:netherite_boots":7,"minecraft:feather":33,"minecraft:golden_carrot":128,"minecraft:glow_ink_sac":7,"minecraft:leather":122,"minecraft:beacon":1,"minecraft:birch_planks":1,"minecraft:oak_log":2,"minecraft:wither_skeleton_skull":1,"minecraft:netherite_leggings":6,"minecraft:lapis_lazuli":124,"minecraft:dirt":830,"minecraft:white_banner":2,"minecraft:name_tag":28,"minecraft:bone":1,"minecraft:red_carpet":5,"minecraft:bow":9,"minecraft:wheat_seeds":87,"minecraft:iron_ingot":33,"minecraft:netherite_axe":3,"minecraft:diamond_helmet":1,"minecraft:glowstone_dust":27,"minecraft:powered_rail":28,"minecraft:oak_planks":2,"minecraft:iron_sword":1,"minecraft:soul_sand":4,"minecraft:sand":1,"minecraft:ink_sac":15,"minecraft:grass_block":1,"minecraft:diamond_block":9,"minecraft:spectral_arrow":640,"minecraft:pumpkin_seeds":13,"minecraft:diamond":7,"minecraft:netherite_helmet":6,"minecraft:light_blue_carpet":1,"minecraft:iron_helmet":1,"minecraft:golden_apple":1377,"minecraft:gray_wool":1,"minecraft:bread":128,"minecraft:nether_star":32,"minecraft:chorus_fruit":256,"minecraft:black_wool":1,"minecraft:melon_seeds":11,"minecraft:coal":46,"minecraft:diamond_pickaxe":3,"minecraft:ender_pearl":64}},"DataVersion":3700}