{"stats":{"minecraft:killed":{"minecraft:sheep":4},"minecraft:dropped":{"minecraft:chicken":1},"minecraft:used":{"minecraft:wooden_pickaxe":22,"minecraft:dirt":3,"minecraft:cobblestone":2,"minecraft:crafting_table":1,"minecraft:snowball":15,"minecraft:experience_bottle":2},"minecraft:killed_by":{"minecraft:player":1,"minecraft:zombie":1},"minecraft:crafted":{"minecraft:crafting_table":1,"minecraft:stick":8,"minecraft:wooden_pickaxe":1,"minecraft:stone_pickaxe":1,"minecraft:stone_sword":1,"minecraft:acacia_planks":24,"minecraft:stone_axe":1},"minecraft:mined":{"minecraft:acacia_leaves":1,"minecraft:short_grass":1,"minecraft:acacia_log":6,"minecraft:grass_block":1,"minecraft:dirt":2,"minecraft:stone":19},"minecraft:custom":{"minecraft:time_since_rest":783,"minecraft:sprint_one_cm":46893,"minecraft:damage_taken":1723,"minecraft:walk_one_cm":31747,"minecraft:mob_kills":4,"minecraft:drop":1,"minecraft:damage_dealt":538,"minecraft:swim_one_cm":40473,"minecraft:interact_with_crafting_table":2,"minecraft:fly_one_cm":138029,"minecraft:open_chest":9,"minecraft:crouch_one_cm":4908,"minecraft:play_time":17588,"minecraft:deaths":6,"minecraft:sneak_time":1707,"minecraft:walk_under_water_one_cm":2167,"minecraft:jump":589,"minecraft:leave_game":1,"minecraft:time_since_death":714,"minecraft:walk_on_water_one_cm":7049,"minecraft:total_world_time":17588,"minecraft:fall_one_cm":25446,"minecraft:inspect_dispenser":3},"minecraft:picked_up":{"minecraft:lime_wool":1,"minecraft:feather":12,"minecraft:chicken":10,"minecraft:glow_ink_sac":7,"minecraft:leather":6,"minecraft:diamond_sword":4,"minecraft:acacia_log":6,"minecraft:porkchop":26,"minecraft:ink_sac":5,"minecraft:dirt":3,"minecraft:item_frame":8,"minecraft:beef":30,"minecraft:gray_wool":1,"minecraft:green_wool":1,"minecraft:light_gray_wool":1,"minecraft:mutton":41,"minecraft:white_wool":13,"minecraft:cobblestone":19}},"DataVersion":3700}