{"stats":{"minecraft:killed":{"minecraft:spider":1,"minecraft:vindicator":1,"minecraft:skeleton":7,"minecraft:chicken":1,"minecraft:pillager":1,"minecraft:zombie":2,"minecraft:player":3,"minecraft:cow":4},"minecraft:killed_by":{"minecraft:player":2,"minecraft:skeleton":1},"minecraft:mined":{"minecraft:tuff":2,"hybrid-aquatic:oak_crate":1,"hybrid-aquatic:jungle_crate":1,"minecraft:brewing_stand":1,"minecraft:stripped_crimson_hyphae":1,"minecraft:grass_block":4,"minecraft:polished_andesite_slab":1,"hybrid-aquatic:birch_crate":1,"minecraft:spawner":1,"minecraft:hay_block":13,"minecraft:smooth_stone":1,"minecraft:iron_ore":16,"minecraft:fire":1,"minecraft:andesite":7,"minecraft:stripped_spruce_log":18,"minecraft:deepslate_lapis_ore":5,"minecraft:anvil":1,"hybrid-aquatic:hybrid_crate":1,"minecraft:potatoes":36,"minecraft:dirt_path":1,"minecraft:deepslate_iron_ore":1,"minecraft:oxidized_cut_copper_slab":1,"minecraft:stripped_oak_log":3,"minecraft:stone":177,"minecraft:bone_block":40,"minecraft:blackstone":51,"minecraft:smoker":1,"minecraft:stone_brick_slab":1,"minecraft:polished_granite":1,"minecraft:crafting_table":2,"minecraft:blast_furnace":3,"hybrid-aquatic:dark_oak_crate":1,"minecraft:tall_grass":2,"minecraft:cobblestone":1,"minecraft:oak_planks":4,"minecraft:coarse_dirt":4,"minecraft:birch_log":27,"minecraft:wheat":24,"minecraft:lilac":1,"minecraft:birch_leaves":1,"minecraft:weathered_cut_copper":1,"minecraft:stripped_oak_wood":3,"hybrid-aquatic:message_in_a_bottle":2,"minecraft:stone_brick_stairs":1,"minecraft:grass":3,"minecraft:coal_ore":37,"minecraft:gravel":4,"minecraft:sand":5,"minecraft:dirt":9,"minecraft:smooth_basalt":2,"minecraft:polished_andesite":2,"minecraft:orange_wall_banner":1,"minecraft:mossy_stone_bricks":1,"minecraft:deepslate":3,"minecraft:fern":1},"minecraft:custom":{"minecraft:interact_with_anvil":7,"minecraft:mob_kills":18,"minecraft:interact_with_crafting_table":28,"minecraft:open_barrel":33,"minecraft:bell_ring":7,"minecraft:leave_game":5,"minecraft:time_since_death":126224,"minecraft:climb_one_cm":11972,"minecraft:sprint_one_cm":336193,"minecraft:walk_one_cm":417987,"minecraft:damage_blocked_by_shield":945,"minecraft:drop":271,"minecraft:talked_to_villager":3,"minecraft:play_time":180008,"minecraft:deaths":4,"minecraft:sneak_time":3817,"minecraft:walk_under_water_one_cm":93499,"minecraft:boat_one_cm":429644,"minecraft:jump":2982,"minecraft:interact_with_blast_furnace":8,"minecraft:walk_on_water_one_cm":110457,"minecraft:total_world_time":180008,"minecraft:interact_with_furnace":1,"minecraft:sleep_in_bed":3,"minecraft:time_since_rest":232,"minecraft:damage_taken":3695,"minecraft:damage_absorbed":41,"minecraft:trigger_trapped_chest":1,"minecraft:damage_dealt":4744,"minecraft:player_kills":3,"minecraft:fly_one_cm":497960,"minecraft:swim_one_cm":282135,"minecraft:open_chest":34,"minecraft:crouch_one_cm":8103,"minecraft:interact_with_smoker":33,"minecraft:fish_caught":37,"minecraft:fall_one_cm":71901,"minecraft:horse_one_cm":111},"minecraft:crafted":{"minecraft:wooden_sword":1,"minecraft:oak_planks":12,"minecraft:birch_boat":2,"minecraft:stone_pickaxe":4,"minecraft:spruce_boat":2,"minecraft:wheat":117,"minecraft:cooked_beef":7,"minecraft:crafting_table":9,"minecraft:spruce_planks":68,"minecraft:iron_helmet":1,"minecraft:baked_potato":49,"farmersdelight:flint_knife":1,"minecraft:wooden_pickaxe":1,"hybrid-aquatic:raw_fish_meat":1,"minecraft:iron_sword":1,"bosses_of_mass_destruction:void_lily":4,"minecraft:birch_planks":108,"minecraft:stone_axe":1,"minecraft:bread":55,"minecraft:air":0,"minecraft:shield":1,"minecraft:stick":20,"minecraft:iron_ingot":27,"minecraft:iron_pickaxe":1,"minecraft:stone_sword":1,"minecraft:iron_leggings":1,"farmersdelight:straw_bale":2},"minecraft:used":{"hybrid-aquatic:oak_crate":1,"minecraft:trident":10,"minecraft:stone_sword":1,"minecraft:flint_and_steel":2,"minecraft:tropical_fish":1,"minecraft:shield":24,"minecraft:spruce_planks":11,"minecraft:iron_sword":80,"minecraft:stone":4,"minecraft:rotten_flesh":2,"minecraft:oak_door":1,"minecraft:iron_chestplate":1,"minecraft:dirt":1,"minecraft:anvil":1,"farmersdelight:flint_knife":49,"minecraft:carrot":1,"hybrid-aquatic:birch_crate":1,"minecraft:spruce_boat":3,"minecraft:iron_hoe":25,"minecraft:sea_lantern":3,"hybrid-aquatic:dark_oak_crate":1,"minecraft:iron_axe":137,"hybrid-aquatic:hybrid_crate":1,"minecraft:cooked_beef":13,"minecraft:cobbled_deepslate":3,"minecraft:iron_leggings":2,"minecraft:water_bucket":2,"hybrid-aquatic:jungle_crate":1,"minecraft:birch_planks":25,"minecraft:stone_pickaxe":389,"minecraft:oak_planks":4,"minecraft:baked_potato":5,"minecraft:birch_boat":7,"minecraft:wooden_pickaxe":11,"minecraft:golden_apple":1,"minecraft:sand":4,"minecraft:crafting_table":11,"minecraft:blast_furnace":2,"minecraft:crossbow":4,"minecraft:oxidized_cut_copper_slab":1,"minecraft:cod":3,"minecraft:smoker":4,"minecraft:oak_log":1,"minecraft:bread":33,"minecraft:iron_pickaxe":340,"minecraft:suspicious_stew":3,"minecraft:stone_axe":2,"minecraft:fishing_rod":74,"minecraft:wooden_sword":4,"farmersdelight:straw_bale":2,"minecraft:cobblestone":77,"minecraft:bucket":3,"minecraft:coarse_dirt":4},"minecraft:picked_up":{"minecraft:fishing_rod":3,"minecraft:iron_chestplate":1,"minecraft:crafting_table":2,"minecraft:coarse_dirt":4,"minecraft:wheat":24,"minecraft:chainmail_boots":3,"minecraft:anvil":3,"hybrid-aquatic:lionfish":2,"minecraft:wooden_pickaxe":1,"minecraft:potion":2,"minecraft:enchanted_book":3,"minecraft:stone_brick_stairs":1,"hybrid-aquatic:discus":1,"minecraft:brewing_stand":6,"minecraft:shield":3,"hybrid-aquatic:hybrid_crate":1,"minecraft:iron_axe":4,"hybrid-aquatic:jungle_crate":1,"minecraft:wooden_sword":2,"minecraft:iron_leggings":2,"minecraft:iron_shovel":1,"minecraft:pufferfish":4,"minecraft:blackstone":1,"minecraft:smooth_stone":1,"minecraft:cobbled_deepslate":3,"minecraft:beef":15,"farmersdelight:straw":28,"hybrid-aquatic:glowing_hook":1,"minecraft:iron_pickaxe":4,"minecraft:furnace":1,"minecraft:iron_boots":3,"minecraft:tipped_arrow":13,"minecraft:stripped_crimson_hyphae":1,"minecraft:stick":18,"minecraft:raw_iron":17,"hybrid-aquatic:rockfish":3,"minecraft:stone":9,"minecraft:oak_door":1,"hybrid-aquatic:gourami":1,"hybrid-aquatic:dark_oak_crate":1,"hybrid-aquatic:flashlight_fish":2,"minecraft:bowl":2,"minecraft:fire_charge":1,"minecraft:carrot":1,"hybrid-aquatic:clownfish":2,"minecraft:arrow":20,"minecraft:rotten_flesh":8,"simplyswords:iron_scythe":1,"minecraft:tropical_fish":2,"minecraft:hay_block":13,"minecraft:gold_ingot":4,"minecraft:obsidian":10,"minecraft:cod":12,"minecraft:bone_block":37,"minecraft:cobblestone":348,"minecraft:birch_log":32,"minecraft:nautilus_shell":1,"hybrid-aquatic:danio":2,"minecraft:raiser_armor_trim_smithing_template":1,"minecraft:tripwire_hook":4,"minecraft:andesite":10,"minecraft:water_bucket":1,"minecraft:salmon":6,"minecraft:leather":9,"minecraft:red_mushroom":5,"minecraft:smoker":5,"minecraft:potato":83,"minecraft:birch_planks":128,"hybrid-aquatic:sea_message_book":3,"minecraft:flint":1,"minecraft:oak_log":17,"minecraft:lily_pad":2,"minecraft:cobblestone_wall":3,"hybrid-aquatic:blue_spotted_stingray":1,"farmersdelight:flint_knife":2,"minecraft:lapis_lazuli":136,"minecraft:dirt":80,"minecraft:lantern":6,"minecraft:coast_armor_trim_smithing_template":2,"minecraft:bone":31,"hybrid-aquatic:moray_eel":4,"minecraft:wheat_seeds":70,"minecraft:stone_pickaxe":3,"minecraft:stripped_oak_wood":3,"minecraft:polished_andesite_slab":1,"minecraft:iron_sword":3,"minecraft:oak_planks":2,"minecraft:smooth_basalt":2,"minecraft:birch_boat":7,"patchouli:guide_book":4,"minecraft:dandelion":1,"minecraft:poisonous_potato":1,"minecraft:gravel":7,"minecraft:amethyst_shard":8,"minecraft:sand":5,"hybrid-aquatic:neon_tetra":2,"hybrid-aquatic:betta":1,"minecraft:stripped_spruce_log":17,"minecraft:blast_furnace":4,"minecraft:lily_of_the_valley":4,"minecraft:oxidized_cut_copper_slab":1,"minecraft:sea_lantern":11,"minecraft:iron_hoe":2,"hybrid-aquatic:birch_crate":1,"hybrid-aquatic:oak_crate":1,"hybrid-aquatic:anglerfish":1,"minecraft:spruce_boat":2,"minecraft:stone_axe":3,"hybrid-aquatic:tuna":2,"minecraft:golden_apple":3,"minecraft:emerald":3,"minecraft:bread":2,"minecraft:oak_sapling":9,"minecraft:baked_potato":10,"minecraft:coal":146,"hybrid-aquatic:unicorn_fish":1},"minecraft:broken":{"minecraft:stone_pickaxe":2},"minecraft:dropped":{"minecraft:bread":4,"minecraft:enchanted_book":1,"minecraft:iron_sword":1,"minecraft:birch_planks":9,"minecraft:wheat_seeds":66,"hybrid-aquatic:betta":2,"minecraft:lapis_lazuli":34,"minecraft:oak_log":16,"minecraft:baked_potato":23,"minecraft:golden_pickaxe":1,"hybrid-aquatic:rockfish":2,"minecraft:poisonous_potato":1,"minecraft:cobblestone":4,"hybrid-aquatic:neon_tetra":2,"minecraft:lantern":6,"hybrid-aquatic:unicorn_fish":1,"hybrid-aquatic:danio":1,"minecraft:tropical_fish":1,"minecraft:pufferfish":3,"minecraft:emerald":2,"minecraft:cod":8,"minecraft:red_mushroom":5,"minecraft:stick":8,"hybrid-aquatic:tuna":2,"minecraft:dirt":3,"minecraft:brewing_stand":2,"minecraft:fire_charge":1,"minecraft:potion":1,"minecraft:iron_leggings":1,"minecraft:wooden_sword":2,"minecraft:amethyst_shard":4,"minecraft:sand":1,"minecraft:smooth_stone":1,"minecraft:lily_pad":2,"minecraft:fishing_rod":2,"minecraft:tripwire_hook":4,"minecraft:smooth_basalt":2,"minecraft:bone":2,"minecraft:dandelion":1,"hybrid-aquatic:discus":1,"minecraft:furnace":1,"hybrid-aquatic:sea_message_book":1,"minecraft:stone_axe":2,"minecraft:blackstone":1,"minecraft:iron_nugget":2,"minecraft:polished_andesite_slab":1,"minecraft:stone_sword":1,"minecraft:cobblestone_wall":3,"minecraft:bowl":5,"minecraft:wheat":1,"minecraft:rotten_flesh":2,"hybrid-aquatic:moray_eel":3,"minecraft:oak_planks":10,"minecraft:smoker":1,"minecraft:iron_boots":1,"minecraft:iron_hoe":1,"hybrid-aquatic:raw_fish_meat":1,"farmersdelight:straw":10,"minecraft:salmon":4,"minecraft:tipped_arrow":1,"minecraft:stone":4,"simplyswords:iron_scythe":1,"minecraft:melon_seeds":1,"hybrid-aquatic:anglerfish":1,"minecraft:spruce_planks":4,"hybrid-aquatic:lionfish":2,"minecraft:chainmail_boots":2,"minecraft:oak_sapling":14,"minecraft:wooden_pickaxe":2,"minecraft:arrow":1,"minecraft:stone_pickaxe":2,"hybrid-aquatic:flashlight_fish":1,"minecraft:nautilus_shell":1,"minecraft:stone_brick_stairs":1,"hybrid-aquatic:clownfish":2}},"DataVersion":3465}