{"stats":{"minecraft:crafted":{"minecraft:birch_boat":2,"minecraft:chain":2,"minecraft:diamond_helmet":1,"minecraft:decorated_pot":1,"minecraft:emerald":18,"farmersdelight:flint_knife":1,"minecraft:smithing_table":1,"minecraft:campfire":2,"scout:pouch":2,"torchesntrinkets:lantern_belt":2,"minecraft:iron_pickaxe":1,"minecraft:iron_block":18,"scout:satchel_strap":2,"minecraft:iron_nugget":9,"minecraft:diamond":9,"minecraft:stone_pickaxe":4,"minecraft:diamond_boots":2,"minecraft:spruce_boat":3,"minecraft:dark_oak_planks":8,"minecraft:wheat":752,"hybrid-aquatic:raw_fish_meat":1,"minecraft:iron_leggings":1,"minecraft:white_bed":2,"minecraft:oak_planks":348,"scout:satchel":1,"minecraft:creeper_head":1,"minecraft:bow":1,"minecraft:chest":7,"minecraft:crafting_table":20,"minecraft:spruce_planks":276,"minecraft:iron_helmet":1,"minecraft:wooden_pickaxe":1,"minecraft:baked_potato":49,"bosses_of_mass_destruction:void_lily":4,"minecraft:gold_block":2,"minecraft:birch_planks":488,"minecraft:emerald_block":2,"minecraft:shield":5,"minecraft:stick":40,"minecraft:iron_ingot":27,"minecraft:stone_sword":1,"minecraft:cherry_planks":12,"minecraft:wooden_sword":1,"minecraft:oak_door":3,"minecraft:stone_button":3,"minecraft:diamond_block":7,"minecraft:cooked_beef":7,"minecraft:iron_sword":1,"minecraft:stone_axe":1,"minecraft:bread":248,"minecraft:air":0,"minecraft:white_wool":6,"minecraft:gold_nugget":18,"minecraft:anvil":1,"minecraft:acacia_planks":112,"minecraft:torch":40,"farmersdelight:straw_bale":2},"minecraft:mined":{"minecraft:dark_oak_planks":8,"minecraft:white_bed":2,"minecraft:cherry_log":3,"minecraft:acacia_log":15,"minecraft:stone_brick_wall":2,"minecraft:coal_block":9,"minecraft:hopper":8,"minecraft:spawner":14,"minecraft:weeping_vines_plant":1,"minecraft:cobbled_deepslate":1,"minecraft:barrel":8,"minecraft:fire":124,"minecraft:deepslate_lapis_ore":5,"minecraft:polished_deepslate_slab":2,"minecraft:water_cauldron":3,"minecraft:dirt_path":1,"minecraft:quartz_slab":2,"minecraft:deepslate_brick_stairs":4,"minecraft:spruce_wood":17,"minecraft:stripped_mangrove_wood":4,"minecraft:player_head":3,"minecraft:tripwire":1,"minecraft:brown_mushroom":1,"minecraft:smoker":1,"minecraft:powder_snow":61,"minecraft:note_block":1,"minecraft:torch":2,"minecraft:dark_oak_wood":3,"minecraft:blast_furnace":5,"minecraft:dead_bush":1,"minecraft:damaged_anvil":4,"minecraft:wheat":24,"minecraft:lilac":1,"minecraft:black_bed":4,"minecraft:stone_brick_stairs":1,"minecraft:grass":303,"minecraft:oak_fence_gate":2,"minecraft:stripped_birch_wood":8,"minecraft:smooth_basalt":3,"minecraft:deepslate":10,"minecraft:yellow_terracotta":1,"minecraft:dark_prismarine":2,"minecraft:mangrove_wall_hanging_sign":2,"minecraft:mossy_cobblestone":23,"hybrid-aquatic:oak_crate":1,"hybrid-aquatic:jungle_crate":1,"minecraft:dark_oak_log":1,"minecraft:cobbled_deepslate_slab":2,"minecraft:redstone_wire":1,"minecraft:moss_block":3,"minecraft:red_mushroom":1,"minecraft:black_stained_glass_pane":3,"minecraft:snow":9,"minecraft:acacia_wood":14,"minecraft:andesite":15,"minecraft:potatoes":36,"minecraft:smooth_quartz_stairs":12,"minecraft:bone_block":40,"minecraft:white_wool":2,"minecraft:soul_sand":2,"minecraft:stone_brick_slab":1,"minecraft:campfire":1,"minecraft:tall_grass":131,"minecraft:diorite":3,"minecraft:purple_bed":1,"minecraft:red_terracotta":8,"minecraft:coarse_dirt":6,"graveyard:vase_block":3,"minecraft:stripped_spruce_wood":5,"minecraft:spruce_log":34,"minecraft:weathered_cut_copper":1,"minecraft:birch_leaves":4,"minecraft:jungle_fence":1,"hybrid-aquatic:message_in_a_bottle":2,"minecraft:gravel":20,"minecraft:cobweb":12,"minecraft:acacia_planks":1,"minecraft:spruce_fence_gate":1,"minecraft:stone_bricks":4,"minecraft:orange_wall_banner":1,"minecraft:chipped_anvil":5,"minecraft:fern":15,"minecraft:spruce_planks":7,"minecraft:cobbled_deepslate_stairs":2,"minecraft:brewing_stand":1,"minecraft:spruce_trapdoor":3,"minecraft:stripped_crimson_hyphae":1,"minecraft:grass_block":141,"minecraft:cracked_polished_blackstone_bricks":1,"minecraft:mud_brick_wall":8,"hybrid-aquatic:birch_crate":1,"minecraft:mud_bricks":5,"minecraft:composter":1,"minecraft:smooth_stone":2,"minecraft:mossy_cobblestone_slab":2,"minecraft:iron_ore":16,"minecraft:anvil":30,"minecraft:iron_bars":3,"minecraft:spruce_slab":1,"minecraft:blackstone":51,"minecraft:cyan_terracotta":2,"minecraft:exposed_copper":3,"minecraft:polished_deepslate_stairs":1,"minecraft:calcite":1,"minecraft:chest":2,"hybrid-aquatic:dark_oak_crate":1,"minecraft:cobblestone":1,"minecraft:birch_wood":35,"minecraft:oak_planks":16,"minecraft:iron_door":3,"minecraft:light_blue_banner":1,"minecraft:wall_torch":4,"minecraft:cauldron":12,"minecraft:birch_log":66,"minecraft:stripped_oak_wood":3,"minecraft:tnt":34,"minecraft:smooth_stone_slab":25,"minecraft:oak_log":68,"minecraft:dirt":244,"minecraft:sand":7,"minecraft:wither_skeleton_skull":1,"minecraft:raw_copper_block":1,"minecraft:netherrack":9,"minecraft:polished_deepslate_wall":2,"minecraft:oak_leaves":10,"minecraft:emerald_block":3,"minecraft:red_carpet":7,"minecraft:diamond_ore":1,"minecraft:tuff":2,"minecraft:ladder":1,"minecraft:chiseled_bookshelf":4,"minecraft:decorated_pot":3,"minecraft:polished_andesite_slab":5,"minecraft:spruce_leaves":3,"minecraft:large_fern":2,"minecraft:hay_block":111,"minecraft:raw_gold_block":7,"minecraft:stripped_spruce_log":18,"minecraft:gold_block":6,"hybrid-aquatic:hybrid_crate":1,"minecraft:nether_brick_fence":2,"minecraft:polished_deepslate":1,"minecraft:deepslate_iron_ore":1,"minecraft:oxidized_cut_copper_slab":1,"minecraft:stripped_oak_log":3,"minecraft:stone":252,"minecraft:acacia_leaves":3,"minecraft:flowering_azalea":1,"minecraft:red_wool":5,"minecraft:snow_block":12,"minecraft:stripped_dark_oak_log":8,"minecraft:red_banner":1,"minecraft:polished_granite":1,"minecraft:crafting_table":3,"minecraft:andesite_wall":1,"graveyard:tg_grass_block":1,"minecraft:quartz_bricks":6,"minecraft:blue_bed":1,"minecraft:spruce_stairs":7,"minecraft:birch_planks":3,"minecraft:waxed_weathered_cut_copper_slab":1,"betterarcheology:fossiliferous_dirt":1,"minecraft:sea_pickle":1,"minecraft:sweet_berry_bush":1,"minecraft:ice":43,"minecraft:mangrove_planks":2,"minecraft:bee_nest":3,"minecraft:coal_ore":40,"minecraft:end_rod":4,"graveyard:leaning_skeleton":1,"minecraft:gray_carpet":1,"minecraft:lodestone":1,"minecraft:cracked_stone_bricks":3,"minecraft:polished_andesite":13,"minecraft:mossy_stone_bricks":2,"minecraft:birch_fence":2},"minecraft:broken":{"minecraft:iron_boots":1,"minecraft:iron_axe":1,"minecraft:iron_helmet":1,"minecraft:stone_pickaxe":2},"minecraft:custom":{"minecraft:interact_with_crafting_table":73,"minecraft:open_barrel":119,"minecraft:bell_ring":7,"minecraft:leave_game":11,"minecraft:time_since_death":16839,"minecraft:damage_blocked_by_shield":3260,"minecraft:play_time":764030,"minecraft:deaths":86,"minecraft:jump":15246,"minecraft:interact_with_furnace":3,"minecraft:traded_with_villager":1,"minecraft:sleep_in_bed":8,"minecraft:damage_dealt":56965,"minecraft:interact_with_smoker":33,"minecraft:inspect_dispenser":6,"minecraft:horse_one_cm":823105,"minecraft:interact_with_smithing_table":7,"minecraft:interact_with_anvil":61,"minecraft:inspect_hopper":1,"minecraft:damage_dealt_absorbed":400,"minecraft:sneak_time":10935,"minecraft:interact_with_blast_furnace":10,"minecraft:total_world_time":764030,"minecraft:tune_noteblock":160,"minecraft:interact_with_stonecutter":1,"minecraft:time_since_rest":10248,"minecraft:swim_one_cm":461914,"minecraft:fly_one_cm":2921837,"minecraft:open_chest":389,"minecraft:fish_caught":48,"minecraft:fall_one_cm":443354,"minecraft:animals_bred":5,"minecraft:damage_resisted":26,"minecraft:sprint_one_cm":2048987,"minecraft:drop":962,"minecraft:play_noteblock":1,"minecraft:talked_to_villager":14,"minecraft:interact_with_brewingstand":3,"minecraft:walk_on_water_one_cm":214694,"minecraft:player_kills":4,"minecraft:crouch_one_cm":32193,"minecraft:mob_kills":309,"minecraft:interact_with_campfire":12,"minecraft:climb_one_cm":39873,"minecraft:walk_one_cm":2126700,"minecraft:walk_under_water_one_cm":138995,"minecraft:boat_one_cm":573222,"minecraft:pot_flower":1,"minecraft:damage_taken":41780,"minecraft:damage_absorbed":534,"minecraft:trigger_trapped_chest":6},"minecraft:killed":{"minecraft:cave_spider":2,"minecraft:skeleton":53,"graveyard:acolyte":8,"minecraft:chicken":1,"minecraft:iron_golem":1,"minecraft:pillager":26,"minecraft:zombie":47,"minecraft:cow":4,"minecraft:evoker":2,"minecraft:vindicator":20,"adventurez:orc":5,"minecraft:husk":86,"graveyard:ghoul":2,"endermanoverhaul:snowy_enderman":1,"minecraft:witch":1,"minecraft:spider":10,"minecraft:silverfish":1,"minecraft:illusioner":11,"minecraft:piglin_brute":1,"minecraft:creeper":5,"minecraft:phantom":2,"minecraft:wither_skeleton":5,"minecraft:player":3,"minecraft:villager":5},"minecraft:picked_up":{"minecraft:iron_chestplate":29,"minecraft:chainmail_boots":3,"minecraft:flower_pot":1,"minecraft:anvil":32,"minecraft:diamond_sword":1,"minecraft:lead":2,"minecraft:enchanted_book":49,"minecraft:birch_button":2,"minecraft:brewing_stand":6,"minecraft:polished_deepslate_wall":2,"minecraft:string":228,"minecraft:pufferfish":6,"minecraft:diamond_leggings":61,"minecraft:gold_nugget":2,"minecraft:cobbled_deepslate":4,"bosses_of_mass_destruction:soul_star":2,"minecraft:spruce_planks":171,"minecraft:written_book":1,"minecraft:enchanted_golden_apple":2,"minecraft:coal_block":63,"hybrid-aquatic:rockfish":3,"minecraft:composter":2,"hybrid-aquatic:flashlight_fish":3,"minecraft:acacia_log":15,"minecraft:cherry_log":3,"minecraft:cauldron":15,"hybrid-aquatic:clownfish":2,"minecraft:tropical_fish":2,"minecraft:iron_block":13,"minecraft:cyan_terracotta":28,"minecraft:end_rod":4,"minecraft:iron_bars":4,"minecraft:snowball":2,"minecraft:birch_log":77,"minecraft:mossy_cobblestone_slab":2,"minecraft:feather":11,"minecraft:iron_door":2,"minecraft:water_bucket":2,"minecraft:smoker":5,"hybrid-aquatic:sea_message_book":3,"exposure:aged_photograph":1,"minecraft:flint":1,"minecraft:stripped_spruce_wood":9,"minecraft:lantern":10,"minecraft:gray_concrete_powder":15,"minecraft:purple_carpet":1,"minecraft:chipped_anvil":5,"minecraft:diamond_helmet":35,"minecraft:glowstone_dust":2,"minecraft:moss_block":6,"hybrid-aquatic:barreleye":1,"scout:upgraded_satchel":26,"patchouli:guide_book":5,"hybrid-aquatic:neon_tetra":2,"minecraft:stripped_spruce_log":17,"naturalist:duck_egg":1,"minecraft:dark_oak_log":1,"minecraft:red_terracotta":19,"minecraft:barrel":8,"minecraft:bundle":5,"hybrid-aquatic:birch_crate":1,"minecraft:quartz_bricks":8,"minecraft:iron_hoe":4,"minecraft:polished_andesite":33,"scout:tanned_leather":9,"minecraft:golden_horse_armor":1,"minecraft:bread":1185,"hybrid-aquatic:unicorn_fish":1,"minecraft:diamond_pickaxe":3,"minecraft:coarse_dirt":5,"minecraft:crafting_table":3,"hybrid-aquatic:lionfish":2,"minecraft:golden_pickaxe":23,"minecraft:leather_leggings":6,"friendsandfoes:totem_of_illusion":20,"hybrid-aquatic:hybrid_crate":1,"minecraft:flint_and_steel":30,"minecraft:iron_shovel":2,"minecraft:cracked_stone_bricks":1,"minecraft:beef":15,"minecraft:poppy":2,"minecraft:chest":3,"scout:upgraded_pouch":53,"minecraft:egg":5,"minecraft:stone":23,"minecraft:raw_gold_block":9,"minecraft:oak_door":1,"minecraft:glow_item_frame":10,"minecraft:spruce_fence":29,"minecraft:fire_charge":1,"minecraft:cake":1,"minecraft:mangrove_sign":27,"minecraft:carrot":2,"minecraft:redstone":2,"minecraft:tnt":43,"minecraft:bamboo_sign":3,"minecraft:diamond_chestplate":20,"minecraft:decorated_pot":2,"minecraft:peony":1,"minecraft:shears":1,"minecraft:diamond_boots":2,"minecraft:hay_block":200,"minecraft:yellow_terracotta":1,"minecraft:gold_ingot":16,"minecraft:totem_of_undying":41,"minecraft:glow_berries":13,"minecraft:bone_block":37,"minecraft:mud_bricks":5,"hybrid-aquatic:danio":3,"minecraft:tripwire_hook":5,"minecraft:acacia_wood":13,"minecraft:red_mushroom":5,"minecraft:oak_log":93,"minecraft:lily_pad":3,"hybrid-aquatic:blue_spotted_stingray":1,"farmersdelight:skillet":1,"farmersdelight:flint_knife":2,"minecraft:light_blue_banner":1,"minecraft:apple":5,"minecraft:stone_bricks":8,"minecraft:spore_blossom":11,"minecraft:stone_pickaxe":3,"minecraft:cobweb":8,"minecraft:glass_bottle":28,"minecraft:iron_sword":9,"minecraft:smooth_basalt":2,"minecraft:sweet_berries":132,"minecraft:red_wool":6,"minecraft:gravel":7,"minecraft:spruce_sapling":2,"minecraft:spruce_log":34,"minecraft:sea_lantern":11,"minecraft:diamond_shovel":17,"minecraft:purple_bed":1,"hybrid-aquatic:anglerfish":1,"minecraft:stone_axe":3,"minecraft:painting":3,"minecraft:birch_sign":2,"minecraft:lodestone":1,"minecraft:baked_potato":10,"minecraft:melon_seeds":2,"minecraft:stripped_dark_oak_log":14,"minecraft:hopper":8,"minecraft:wheat":28,"minecraft:exposed_copper":3,"minecraft:redstone_block":2,"minecraft:nether_brick_fence":1,"hybrid-aquatic:cherry_crate":1,"minecraft:potion":26,"minecraft:stone_brick_stairs":1,"simplyswords:gold_greataxe":1,"minecraft:smooth_stone_slab":22,"minecraft:iron_leggings":8,"minecraft:experience_bottle":60,"minecraft:oak_sign":5,"minecraft:sea_pickle":4,"minecraft:tnt_minecart":2,"minecraft:smooth_stone":2,"minecraft:bucket":1,"minecraft:redstone_torch":1,"hybrid-aquatic:glowing_hook":1,"minecraft:azalea":1,"minecraft:iron_pickaxe":11,"minecraft:smooth_quartz_stairs":2,"minecraft:iron_boots":5,"minecraft:furnace":1,"minecraft:tipped_arrow":13,"minecraft:stick":71,"minecraft:oak_fence":1,"minecraft:polished_deepslate_stairs":1,"minecraft:torch":1907,"minecraft:spruce_stairs":10,"minecraft:diorite":3,"minecraft:andesite_wall":1,"minecraft:rotten_flesh":168,"minecraft:stripped_birch_wood":7,"minecraft:deepslate_brick_stairs":4,"minecraft:obsidian":10,"adventurez:orc_skin":4,"minecraft:cod":20,"minecraft:cobblestone":426,"minecraft:nautilus_shell":2,"minecraft:leather_chestplate":4,"minecraft:raiser_armor_trim_smithing_template":1,"minecraft:andesite":18,"minecraft:black_bed":4,"minecraft:potato":85,"adventurez:gilded_blackstone_shard":2,"minecraft:wither_skeleton_skull":1,"minecraft:lapis_lazuli":136,"minecraft:dirt":305,"minecraft:name_tag":2,"minecraft:leather_boots":1,"minecraft:bone":1401,"minecraft:acacia_planks":2,"hybrid-aquatic:moray_eel":4,"minecraft:bow":32,"minecraft:wheat_seeds":169,"minecraft:cobbled_deepslate_slab":4,"minecraft:birch_wood":27,"minecraft:mossy_stone_bricks":1,"minecraft:oak_planks":631,"hybrid-aquatic:oscar":2,"minecraft:diorite_wall":1,"minecraft:oak_pressure_plate":1,"minecraft:poisonous_potato":1,"minecraft:sand":5,"minecraft:lily_of_the_valley":4,"minecraft:oxidized_cut_copper_slab":1,"minecraft:mossy_cobblestone":1,"minecraft:dark_prismarine":2,"minecraft:yellow_carpet":2,"minecraft:diamond":178,"minecraft:spruce_boat":4,"minecraft:soul_lantern":1,"minecraft:crossbow":3,"minecraft:bone_meal":714,"minecraft:golden_apple":391,"minecraft:emerald":229,"minecraft:oak_sapling":24,"minecraft:netherrack":7,"minecraft:fishing_rod":4,"minecraft:charcoal":7,"minecraft:splash_potion":1,"minecraft:chicken":1,"simplyswords:diamond_katana":4,"minecraft:wooden_pickaxe":1,"minecraft:stone_brick_wall":1,"minecraft:gold_block":10,"minecraft:mangrove_hanging_sign":1,"minecraft:diamond_horse_armor":2,"hybrid-aquatic:discus":1,"minecraft:brick":4,"minecraft:shield":16,"minecraft:wooden_sword":3,"minecraft:iron_axe":38,"hybrid-aquatic:jungle_crate":1,"minecraft:quartz_slab":1,"minecraft:item_frame":4,"minecraft:blackstone":1,"torchesntrinkets:lantern_belt":22,"graveyard:corruption":145,"minecraft:candle":3,"farmersdelight:straw":28,"minecraft:player_head":3,"minecraft:spruce_trapdoor":9,"minecraft:phantom_membrane":2,"minecraft:stripped_crimson_hyphae":1,"minecraft:raw_iron":17,"minecraft:stripped_mangrove_wood":2,"minecraft:copper_ingot":2,"hybrid-aquatic:gourami":1,"hybrid-aquatic:dark_oak_crate":1,"minecraft:bowl":2,"minecraft:note_block":1,"minecraft:stone_button":1,"minecraft:trident":2,"minecraft:bamboo_fence_gate":1,"minecraft:dark_oak_planks":5,"minecraft:weeping_vines":1,"minecraft:arrow":1101,"simplyswords:iron_scythe":1,"scout:satchel":1,"minecraft:saddle":1,"minecraft:skeleton_skull":1,"minecraft:golden_carrot":594,"minecraft:salmon":11,"minecraft:leather":38,"minecraft:birch_planks":203,"minecraft:gunpowder":19,"minecraft:cobbled_deepslate_stairs":2,"minecraft:cobblestone_wall":3,"hybrid-aquatic:dungeness_crab_claw":3,"minecraft:coast_armor_trim_smithing_template":2,"minecraft:red_carpet":34,"minecraft:gray_carpet":7,"minecraft:spruce_wood":21,"minecraft:iron_ingot":393,"minecraft:stripped_oak_wood":3,"minecraft:soul_sand":2,"minecraft:polished_andesite_slab":3,"minecraft:book":49,"minecraft:emerald_block":2,"simplyswords:iron_greataxe":1,"minecraft:birch_boat":7,"minecraft:dandelion":2,"minecraft:amethyst_shard":8,"hybrid-aquatic:betta":1,"minecraft:red_banner":2,"minecraft:blast_furnace":5,"minecraft:white_bed":2,"minecraft:green_carpet":1,"hybrid-aquatic:oak_crate":1,"hybrid-aquatic:tuna":3,"minecraft:iron_helmet":2,"minecraft:damaged_anvil":5,"minecraft:netherite_hoe":24,"minecraft:dark_oak_wood":1,"minecraft:coal":184},"minecraft:killed_by":{"minecraft:pillager":16,"minecraft:vindicator":56,"minecraft:zombie":1,"minecraft:vex":1,"minecraft:husk":1,"minecraft:illusioner":6,"minecraft:player":3,"minecraft:skeleton":1},"minecraft:dropped":{"minecraft:iron_sword":3,"minecraft:stripped_mangrove_wood":2,"minecraft:lapis_lazuli":34,"minecraft:oak_pressure_plate":1,"minecraft:glass_bottle":2,"minecraft:diamond":1,"minecraft:spore_blossom":11,"minecraft:crossbow":2,"minecraft:glow_item_frame":8,"hybrid-aquatic:unicorn_fish":1,"minecraft:leather_helmet":1,"friendsandfoes:totem_of_illusion":1,"minecraft:red_mushroom":5,"minecraft:red_carpet":6,"minecraft:item_frame":1,"minecraft:emerald":7,"minecraft:dirt":118,"hybrid-aquatic:barreleye":1,"minecraft:stone_button":1,"minecraft:gold_nugget":2,"minecraft:wooden_sword":2,"minecraft:phantom_membrane":2,"hybrid-aquatic:dungeness_crab_claw":3,"minecraft:sand":1,"minecraft:iron_pickaxe":1,"minecraft:fishing_rod":2,"hybrid-aquatic:discus":1,"minecraft:bone":8,"minecraft:oak_door":3,"minecraft:stone_axe":2,"minecraft:polished_andesite_slab":1,"minecraft:iron_nugget":2,"minecraft:cobbled_deepslate":1,"minecraft:wheat":61,"minecraft:rotten_flesh":148,"minecraft:oak_planks":51,"hybrid-aquatic:moray_eel":3,"scout:upgraded_pouch":1,"minecraft:enchanted_golden_apple":1,"minecraft:quartz_bricks":8,"minecraft:nether_brick_fence":1,"minecraft:salmon":4,"bosses_of_mass_destruction:soul_star":1,"minecraft:tipped_arrow":1,"minecraft:charcoal":7,"minecraft:diorite_wall":1,"hybrid-aquatic:lionfish":2,"minecraft:leather_leggings":3,"exposure:photograph":1,"hybrid-aquatic:flashlight_fish":2,"minecraft:stone_brick_stairs":1,"minecraft:egg":1,"minecraft:enchanted_book":7,"minecraft:iron_ingot":12,"minecraft:wheat_seeds":123,"farmersdelight:skillet":1,"minecraft:tnt":1,"minecraft:smooth_quartz_stairs":2,"minecraft:golden_horse_armor":1,"simplyswords:iron_greataxe":1,"minecraft:feather":11,"minecraft:oak_fence":1,"minecraft:cobblestone":63,"minecraft:coal":2,"minecraft:yellow_carpet":2,"minecraft:mangrove_hanging_sign":1,"minecraft:polished_andesite":5,"minecraft:pufferfish":5,"minecraft:diamond_horse_armor":1,"scout:upgraded_satchel":1,"minecraft:potion":3,"minecraft:smooth_stone":2,"minecraft:polished_deepslate_wall":2,"minecraft:lily_pad":3,"minecraft:acacia_planks":1,"minecraft:gray_carpet":6,"minecraft:spruce_sapling":1,"minecraft:furnace":1,"minecraft:stone_sword":1,"minecraft:cobblestone_wall":3,"minecraft:bowl":6,"minecraft:experience_bottle":1,"minecraft:iron_boots":1,"farmersdelight:straw":10,"hybrid-aquatic:raw_fish_meat":1,"minecraft:cobbled_deepslate_slab":6,"minecraft:spruce_fence":29,"minecraft:oak_sign":5,"minecraft:blast_furnace":1,"minecraft:hay_block":28,"minecraft:potato":1,"minecraft:stone":25,"minecraft:flower_pot":2,"minecraft:sea_pickle":4,"minecraft:spruce_trapdoor":9,"adventurez:orc_skin":4,"minecraft:peony":1,"minecraft:bundle":1,"minecraft:spruce_planks":28,"minecraft:diamond_pickaxe":1,"minecraft:stone_bricks":3,"minecraft:bow":5,"minecraft:stripped_spruce_wood":5,"minecraft:soul_sand":2,"minecraft:moss_block":3,"minecraft:birch_planks":76,"hybrid-aquatic:betta":2,"minecraft:oak_log":19,"minecraft:baked_potato":23,"minecraft:golden_pickaxe":1,"minecraft:decorated_pot":1,"minecraft:lantern":12,"minecraft:leather":1,"minecraft:red_wool":3,"minecraft:cod":11,"hybrid-aquatic:tuna":3,"minecraft:snowball":2,"minecraft:amethyst_shard":4,"minecraft:gold_ingot":1,"hybrid-aquatic:sea_message_book":1,"minecraft:blackstone":1,"torchesntrinkets:lantern_belt":1,"minecraft:mangrove_sign":27,"minecraft:carrot":1,"minecraft:poppy":2,"minecraft:leather_chestplate":3,"simplyswords:diamond_katana":3,"minecraft:gunpowder":7,"minecraft:melon_seeds":3,"minecraft:azalea":1,"hybrid-aquatic:anglerfish":1,"minecraft:chainmail_boots":2,"minecraft:spruce_wood":1,"minecraft:birch_button":2,"minecraft:iron_bars":3,"minecraft:arrow":10,"hybrid-aquatic:oscar":1,"minecraft:netherrack":7,"hybrid-aquatic:clownfish":2,"minecraft:bread":100,"adventurez:gilded_blackstone_shard":1,"minecraft:exposed_copper":3,"minecraft:mossy_cobblestone":1,"hybrid-aquatic:rockfish":2,"minecraft:diamond_leggings":4,"minecraft:poisonous_potato":1,"hybrid-aquatic:neon_tetra":2,"minecraft:andesite_wall":1,"hybrid-aquatic:danio":2,"minecraft:copper_ingot":2,"minecraft:tropical_fish":1,"minecraft:spruce_stairs":9,"minecraft:stick":16,"minecraft:deepslate_brick_stairs":2,"minecraft:mossy_cobblestone_slab":2,"minecraft:diorite":3,"minecraft:brewing_stand":2,"minecraft:torch":2,"minecraft:bamboo_fence_gate":1,"minecraft:iron_leggings":4,"minecraft:fire_charge":1,"minecraft:green_carpet":1,"minecraft:wither_rose":2,"minecraft:iron_axe":1,"minecraft:tripwire_hook":5,"minecraft:smooth_basalt":2,"minecraft:dandelion":2,"minecraft:coarse_dirt":1,"minecraft:composter":2,"minecraft:iron_hoe":2,"minecraft:smoker":1,"minecraft:bamboo_sign":3,"minecraft:red_terracotta":8,"minecraft:flint_and_steel":1,"simplyswords:iron_scythe":1,"minecraft:mud_bricks":5,"minecraft:shield":5,"minecraft:diamond_chestplate":2,"minecraft:andesite":3,"minecraft:oak_sapling":29,"minecraft:birch_sign":2,"minecraft:gray_concrete_powder":15,"minecraft:spruce_log":1,"minecraft:stone_pickaxe":2,"minecraft:wooden_pickaxe":2,"minecraft:nautilus_shell":1,"exposure:aged_photograph":1},"minecraft:used":{"hybrid-aquatic:oak_crate":1,"minecraft:chest":8,"minecraft:stone":4,"minecraft:rotten_flesh":2,"minecraft:spruce_boat":6,"friendsandfoes:totem_of_illusion":12,"minecraft:red_wool":3,"minecraft:netherite_hoe":81,"minecraft:bow":308,"minecraft:sweet_berries":7,"hybrid-aquatic:hybrid_crate":1,"minecraft:damaged_anvil":4,"minecraft:wooden_pickaxe":11,"naturalist:duck_egg":1,"minecraft:glow_berries":1,"minecraft:golden_apple":13,"minecraft:sand":4,"minecraft:blast_furnace":2,"minecraft:oxidized_cut_copper_slab":1,"minecraft:deepslate_brick_stairs":2,"minecraft:red_terracotta":11,"minecraft:diamond_ore":1,"minecraft:wooden_sword":4,"farmersdelight:straw_bale":2,"minecraft:smithing_table":1,"minecraft:stone_sword":1,"minecraft:torch":23,"minecraft:anvil":4,"farmersdelight:flint_knife":49,"minecraft:sea_lantern":7,"minecraft:chipped_anvil":4,"hybrid-aquatic:dark_oak_crate":1,"minecraft:iron_axe":904,"minecraft:totem_of_undying":1,"minecraft:diamond_chestplate":4,"minecraft:cobbled_deepslate":3,"minecraft:acacia_planks":111,"minecraft:water_bucket":2,"minecraft:birch_planks":334,"minecraft:tnt":49,"minecraft:crafting_table":23,"minecraft:white_bed":3,"minecraft:campfire":2,"minecraft:cod":4,"minecraft:cake":1,"minecraft:oak_log":1,"minecraft:diamond_pickaxe":609,"minecraft:diamond_shovel":789,"minecraft:suspicious_stew":4,"minecraft:iron_pickaxe":545,"minecraft:cobblestone":95,"minecraft:potion":2,"minecraft:cooked_porkchop":19,"minecraft:diamond_leggings":11,"minecraft:iron_shovel":218,"minecraft:decorated_pot":2,"minecraft:shield":71,"minecraft:iron_sword":1018,"minecraft:vex_spawn_egg":1,"minecraft:iron_chestplate":6,"minecraft:carrot":1,"minecraft:cyan_terracotta":2,"minecraft:quartz_slab":1,"minecraft:stone_bricks":1,"minecraft:red_carpet":20,"minecraft:written_book":2,"minecraft:end_rod":4,"minecraft:diamond_boots":1,"hybrid-aquatic:jungle_crate":1,"minecraft:stone_pickaxe":389,"minecraft:oak_planks":203,"minecraft:redstone_block":5,"minecraft:crossbow":20,"minecraft:lingering_potion":2,"minecraft:black_bed":4,"minecraft:cobbled_deepslate_stairs":2,"minecraft:firework_rocket":1,"minecraft:bread":207,"minecraft:string":1,"minecraft:smooth_stone_slab":9,"minecraft:coarse_dirt":4,"minecraft:golden_pickaxe":108,"minecraft:cobweb":5,"minecraft:experience_bottle":141,"minecraft:trident":12,"minecraft:flint_and_steel":151,"minecraft:tropical_fish":1,"minecraft:spruce_planks":191,"minecraft:oak_door":1,"minecraft:dirt":94,"minecraft:diamond_helmet":3,"hybrid-aquatic:birch_crate":1,"minecraft:iron_hoe":167,"minecraft:dark_oak_planks":2,"minecraft:iron_boots":3,"minecraft:golden_carrot":46,"minecraft:cooked_beef":15,"minecraft:iron_leggings":3,"simplyswords:diamond_katana":7,"minecraft:polished_andesite":4,"minecraft:baked_potato":5,"minecraft:birch_boat":7,"minecraft:glow_item_frame":1,"simplyswords:iron_greataxe":1,"minecraft:smoker":4,"minecraft:book":1,"minecraft:stone_axe":2,"minecraft:fishing_rod":93,"minecraft:bucket":3,"minecraft:pumpkin_pie":4,"minecraft:splash_potion":3}},"DataVersion":3465}