{"stat.chestOpened":4,"stat.pickup.minecraft.spruce_door":1,"stat.pickup.malisisdoors.trapdoor_spruce":1,"stat.pickup.minecraft.stone_pressure_plate":1,"stat.useItem.minecraft.quartz_stairs":36,"stat.leaveGame":9,"stat.useItem.minecraft.sponge":2,"stat.useItem.minecraft.bookshelf":14,"stat.useItem.minecraft.carpet":5,"stat.useItem.malisisdoors.forcefielditem":3,"stat.jump":1085,"stat.swimOneCm":62520,"stat.useItem.minecraft.planks":3,"stat.climbOneCm":2664,"stat.useItem.malisisdoors.sliding_trapdoor":3,"stat.useItem.minecraft.nether_brick_stairs":51,"stat.drop.minecraft.cobblestone":1,"stat.useItem.minecraft.trapped_chest":4,"stat.crouchOneCm":31092,"stat.useItem.minecraft.coal_block":1010,"stat.useItem.minecraft.dirt":17,"stat.useItem.minecraft.stone_button":6,"stat.useItem.minecraft.stone_slab2":1495,"stat.useItem.minecraft.water_bucket":593,"stat.useItem.minecraft.glass":3,"stat.pickup.malisisdoors.laboratory_door":1,"stat.useItem.minecraft.vine":370,"stat.useItem.minecraft.purple_glazed_terracotta":4,"stat.useItem.minecraft.golden_rail":44,"stat.useItem.minecraft.stone_brick_stairs":43,"stat.useItem.minecraft.furnace":2,"stat.useItem.minecraft.brick_block":11,"stat.flyOneCm":2330950,"stat.useItem.minecraft.birch_fence":84,"stat.damageDealt":10,"stat.sleepInBed":4,"stat.timeSinceDeath":208376,"stat.useItem.minecraft.sign":1,"stat.useItem.minecraft.spawn_egg":7,"stat.useItem.minecraft.wooden_slab":18,"stat.pickup.minecraft.mutton":1,"stat.pickup.minecraft.double_plant":3,"stat.walkOneCm":397222,"stat.trappedChestTriggered":3,"stat.useItem.minecraft.chest":66,"stat.useItem.minecraft.lever":1,"stat.pickup.malisisdoors.curtain_brown":1,"stat.useItem.minecraft.log":10,"stat.drop.minecraft.spruce_door":1,"stat.pickup.minecraft.carpet":30,"stat.useItem.minecraft.lava_bucket":1,"stat.useItem.minecraft.dark_oak_stairs":26,"stat.useItem.minecraft.double_plant":37,"stat.pickup.minecraft.furnace":64,"stat.useItem.minecraft.item_frame":7,"stat.useItem.minecraft.stained_glass":3,"stat.sprintOneCm":469973,"stat.useItem.minecraft.diamond_shovel":62,"stat.useItem.minecraft.cactus":10,"stat.useItem.minecraft.fence":2,"stat.useItem.minecraft.concrete":24,"stat.drop.minecraft.furnace":64,"stat.useItem.minecraft.birch_door":3,"stat.useItem.minecraft.dark_oak_door":1,"stat.useItem.minecraft.stone_slab":1,"stat.pickup.malisisdoors.sliding_trapdoor":1,"stat.drop.malisisdoors.big_door_jungle_3x3":1,"stat.mobKills":1,"stat.useItem.minecraft.wooden_door":1,"stat.useItem.minecraft.monster_egg":107,"stat.drop.minecraft.birch_door":1,"stat.deaths":1,"stat.useItem.minecraft.spruce_door":8,"stat.drop":5,"stat.playOneMinute":368321,"stat.pickup.minecraft.stone_button":7,"stat.pickup.minecraft.birch_door":1,"stat.pickup.minecraft.torch":2,"stat.useItem.minecraft.banner":6,"stat.sneakTime":13803,"stat.pickup.minecraft.wool":1,"stat.pickup.malisisdoors.big_door_jungle_3x3":1,"stat.useItem.minecraft.birch_stairs":2,"stat.pickup.minecraft.golden_rail":23,"stat.diveOneCm":20762}