{"stats":{"minecraft:broken":{"minecraft:iron_boots":1,"minecraft:iron_pickaxe":1},"minecraft:killed_by":{"minecraft:zombie":2,"minecraft:player":2},"minecraft:picked_up":{"minecraft:wooden_axe":1,"minecraft:iron_chestplate":4,"minecraft:anvil":7,"minecraft:smithing_table":4,"minecraft:lead":1,"minecraft:stone_brick_stairs":2,"minecraft:brewing_stand":1,"minecraft:string":9,"minecraft:iron_leggings":3,"minecraft:bucket":1,"minecraft:redstone_torch":4,"hybrid-aquatic:glowing_hook":1,"minecraft:iron_pickaxe":2,"minecraft:iron_boots":7,"minecraft:furnace":1,"minecraft:tipped_arrow":15,"minecraft:stick":21,"hybrid-aquatic:flashlight_fish":6,"minecraft:torch":20,"minecraft:porkchop":20,"minecraft:dried_kelp":32,"hybrid-aquatic:moon_jellyfish_hat":1,"minecraft:rabbit_foot":8,"hybrid-aquatic:clownfish":2,"minecraft:rotten_flesh":21,"farmersdelight:rope":7,"minecraft:obsidian":13,"minecraft:iron_bars":4,"minecraft:cod":4,"minecraft:cobblestone":184,"minecraft:birch_log":22,"minecraft:cooked_beef":21,"minecraft:raiser_armor_trim_smithing_template":1,"minecraft:andesite":7,"minecraft:jungle_wood":6,"minecraft:smoker":9,"minecraft:potato":73,"hybrid-aquatic:sea_message_book":1,"minecraft:flint":2,"minecraft:dirt":224,"minecraft:lantern":4,"minecraft:weathered_cut_copper":1,"minecraft:name_tag":3,"minecraft:bone":18,"hybrid-aquatic:moray_eel":3,"minecraft:wheat_seeds":67,"minecraft:bamboo":7,"minecraft:prismarine":1,"simplyswords:diamond_sai":1,"minecraft:oak_planks":13,"minecraft:cooked_porkchop":3,"minecraft:axolotl_bucket":1,"minecraft:jungle_planks":12,"hybrid-aquatic:neon_tetra":1,"hybrid-aquatic:raw_fish_meat":2,"minecraft:trapped_chest":1,"minecraft:jungle_slab":1,"minecraft:dark_oak_log":10,"minecraft:iron_hoe":2,"scout:tanned_leather":17,"minecraft:mangrove_wood":2,"minecraft:granite":2,"minecraft:golden_apple":1,"minecraft:bread":9,"minecraft:golden_horse_armor":1,"minecraft:emerald":15,"minecraft:rooted_dirt":5,"minecraft:oak_sapling":6,"minecraft:fishing_rod":8,"minecraft:coarse_dirt":6,"minecraft:crafting_table":3,"minecraft:wooden_pickaxe":3,"minecraft:orange_banner":1,"minecraft:diamond_horse_armor":2,"hybrid-aquatic:discus":2,"minecraft:shield":7,"minecraft:iron_axe":2,"hybrid-aquatic:hybrid_crate":1,"minecraft:wooden_sword":2,"minecraft:flint_and_steel":1,"minecraft:vex_spawn_egg":1,"minecraft:iron_shovel":3,"minecraft:blackstone":19,"minecraft:beef":21,"minecraft:chest":1,"minecraft:birch_sapling":1,"minecraft:waxed_oxidized_copper":1,"minecraft:diamond_hoe":1,"minecraft:raw_iron":18,"minecraft:stone":43,"minecraft:oak_door":5,"minecraft:copper_ingot":4,"exposure:photograph":2,"minecraft:bowl":3,"minecraft:spruce_fence":1,"minecraft:stone_button":1,"hybrid-aquatic:shark_tooth":3,"minecraft:carrot":4,"minecraft:iron_horse_armor":2,"minecraft:dark_oak_planks":23,"minecraft:arrow":27,"minecraft:decorated_pot":1,"minecraft:pumpkin_pie":7,"minecraft:hay_block":126,"minecraft:pink_tulip":1,"minecraft:gold_ingot":10,"minecraft:glow_berries":1,"minecraft:bone_block":1,"minecraft:stripped_oak_log":2,"minecraft:mud_bricks":5,"minecraft:prismarine_slab":1,"farmersdelight:straw_bale":1,"minecraft:tripwire_hook":2,"minecraft:salmon":1,"minecraft:leather":14,"minecraft:jungle_fence":3,"minecraft:red_mushroom":6,"minecraft:filled_map":1,"minecraft:birch_planks":87,"minecraft:packed_mud":6,"minecraft:oak_log":10,"minecraft:lily_pad":2,"minecraft:gunpowder":36,"hybrid-aquatic:blue_spotted_stingray":1,"farmersdelight:organic_compost":1,"minecraft:cooked_mutton":2,"minecraft:apple":13,"minecraft:stone_bricks":21,"farmersdelight:cooking_pot":1,"minecraft:kelp":2,"minecraft:iron_ingot":34,"minecraft:stone_pickaxe":1,"minecraft:soul_sand":3,"minecraft:polished_andesite_slab":1,"minecraft:iron_sword":3,"minecraft:book":8,"minecraft:oak_slab":1,"minecraft:pumpkin":20,"minecraft:sweet_berries":3,"minecraft:dripstone_block":3,"minecraft:amethyst_shard":1,"hybrid-aquatic:betta":2,"minecraft:blast_furnace":18,"minecraft:spruce_log":1,"minecraft:dried_kelp_block":21,"minecraft:slime_ball":11,"minecraft:stone_axe":3,"minecraft:iron_helmet":5,"minecraft:baked_potato":72,"minecraft:mangrove_propagule":1,"minecraft:coal":447,"minecraft:ender_pearl":1},"minecraft:custom":{"minecraft:interact_with_crafting_table":73,"minecraft:open_barrel":97,"minecraft:bell_ring":46,"minecraft:eat_cake_slice":1,"minecraft:leave_game":9,"minecraft:time_since_death":61615,"minecraft:sprint_one_cm":493560,"minecraft:damage_blocked_by_shield":1873,"minecraft:drop":224,"minecraft:play_noteblock":1,"minecraft:talked_to_villager":12,"minecraft:play_time":360799,"minecraft:deaths":5,"minecraft:jump":5904,"minecraft:walk_on_water_one_cm":91932,"minecraft:interact_with_furnace":5,"minecraft:interact_with_cartography_table":1,"minecraft:sleep_in_bed":9,"minecraft:damage_dealt":22096,"minecraft:player_kills":6,"minecraft:crouch_one_cm":26100,"minecraft:interact_with_smoker":87,"minecraft:horse_one_cm":974899,"minecraft:interact_with_smithing_table":10,"minecraft:interact_with_anvil":22,"minecraft:mob_kills":101,"minecraft:interact_with_campfire":9,"minecraft:climb_one_cm":16285,"minecraft:walk_one_cm":481071,"minecraft:sneak_time":10920,"minecraft:walk_under_water_one_cm":74653,"minecraft:boat_one_cm":639042,"minecraft:interact_with_blast_furnace":42,"minecraft:total_world_time":360799,"minecraft:interact_with_grindstone":2,"minecraft:time_since_rest":26554,"minecraft:damage_taken":7217,"minecraft:trigger_trapped_chest":2,"minecraft:swim_one_cm":248875,"minecraft:fly_one_cm":1040138,"minecraft:open_chest":132,"minecraft:fish_caught":15,"minecraft:fall_one_cm":150665},"minecraft:dropped":{"minecraft:iron_sword":1,"minecraft:soul_sand":3,"minecraft:birch_planks":28,"hybrid-aquatic:betta":1,"minecraft:baked_potato":5,"hybrid-aquatic:shark_tooth":3,"minecraft:crafting_table":1,"minecraft:jungle_fence":3,"minecraft:glow_berries":1,"minecraft:lantern":3,"minecraft:rooted_dirt":5,"minecraft:jungle_planks":10,"minecraft:saddle":1,"minecraft:red_mushroom":6,"minecraft:cod":2,"minecraft:emerald":1,"minecraft:packed_mud":4,"minecraft:dirt":5,"minecraft:dark_oak_log":5,"minecraft:stone_button":1,"minecraft:mangrove_wood":2,"minecraft:wooden_sword":1,"minecraft:amethyst_shard":1,"minecraft:dark_oak_planks":8,"minecraft:fishing_rod":6,"hybrid-aquatic:discus":2,"minecraft:oak_door":3,"hybrid-aquatic:sea_message_book":1,"minecraft:stone_axe":2,"minecraft:blackstone":19,"hybrid-aquatic:glowing_hook":1,"minecraft:iron_nugget":2,"minecraft:polished_andesite_slab":1,"minecraft:rotten_flesh":18,"hybrid-aquatic:moray_eel":2,"minecraft:oak_planks":11,"minecraft:cooked_mutton":4,"minecraft:carrot":2,"minecraft:rabbit_foot":4,"minecraft:tipped_arrow":16,"minecraft:leather_leggings":1,"farmersdelight:rope":16,"minecraft:arrow":24,"minecraft:beef":8,"hybrid-aquatic:flashlight_fish":6,"hybrid-aquatic:clownfish":1,"minecraft:enchanted_book":1,"minecraft:water_bucket":1,"minecraft:iron_ingot":4,"minecraft:wheat_seeds":67,"minecraft:smithing_table":2,"minecraft:golden_horse_armor":1,"minecraft:dripstone_block":1,"hybrid-aquatic:neon_tetra":1,"minecraft:mangrove_propagule":1,"minecraft:book":8,"minecraft:cobblestone":50,"minecraft:iron_helmet":5,"minecraft:copper_ingot":4,"minecraft:coal":9,"minecraft:stick":23,"minecraft:jungle_slab":1,"minecraft:brewing_stand":1,"farmersdelight:cooking_pot":1,"minecraft:wooden_axe":1,"minecraft:waxed_oxidized_copper":1,"minecraft:potion":1,"minecraft:iron_leggings":1,"minecraft:dried_kelp":67,"minecraft:iron_axe":1,"minecraft:prismarine_slab":1,"minecraft:iron_shovel":1,"minecraft:string":1,"minecraft:lily_pad":1,"minecraft:tripwire_hook":2,"minecraft:furnace":1,"minecraft:kelp":2,"minecraft:bowl":4,"minecraft:diamond_hoe":2,"minecraft:raw_iron":2,"simplyswords:diamond_sai":1,"minecraft:iron_boots":6,"minecraft:stripped_oak_log":1,"hybrid-aquatic:raw_fish_meat":2,"minecraft:flint_and_steel":2,"minecraft:hay_block":63,"minecraft:stone":41,"minecraft:mud_bricks":1,"minecraft:shield":5,"hybrid-aquatic:blue_spotted_stingray":1,"minecraft:iron_chestplate":6,"minecraft:andesite":3,"minecraft:oak_sapling":5,"minecraft:redstone_torch":3,"minecraft:bamboo":4,"minecraft:weathered_cut_copper":1,"minecraft:slime_ball":11,"minecraft:stone_pickaxe":2,"minecraft:wooden_pickaxe":2},"minecraft:killed":{"naturalist:zebra":1,"minecraft:spider":9,"naturalist:boar":11,"creeperoverhaul:bamboo_creeper":1,"minecraft:skeleton":12,"minecraft:guardian":1,"minecraft:chicken":1,"hybrid-aquatic:coconut_crab":1,"hybrid-aquatic:sea_nettle":1,"hybrid-aquatic:blue_jellyfish":1,"minecraft:zombie_villager":2,"naturalist:firefly":1,"minecraft:creeper":1,"minecraft:pillager":11,"minecraft:zombie":20,"minecraft:stray":1,"minecraft:cow":12,"minecraft:vindicator":1,"minecraft:drowned":7,"minecraft:husk":1,"naturalist:bear":1,"hybrid-aquatic:barrel_jellyfish":1,"hybrid-aquatic:nomura_jellyfish":1,"minecraft:player":6},"minecraft:crafted":{"minecraft:oak_planks":8,"scout:satchel":1,"minecraft:stone":1,"farmersdelight:rope":9,"minecraft:iron_boots":1,"minecraft:chest":1,"minecraft:smoker":1,"minecraft:cooked_porkchop":13,"minecraft:crafting_table":7,"minecraft:wooden_pickaxe":1,"minecraft:baked_potato":53,"minecraft:iron_helmet":1,"minecraft:smithing_table":1,"minecraft:gold_block":3,"minecraft:birch_planks":88,"minecraft:campfire":1,"minecraft:emerald_block":2,"minecraft:shield":3,"minecraft:stick":28,"minecraft:iron_pickaxe":2,"minecraft:iron_ingot":72,"minecraft:iron_block":15,"scout:satchel_strap":2,"minecraft:stone_button":3,"minecraft:furnace":3,"farmersdelight:straw":9,"minecraft:stone_pickaxe":1,"minecraft:dark_oak_planks":20,"minecraft:cooked_beef":9,"minecraft:coal_block":13,"minecraft:dried_kelp":189,"minecraft:stone_axe":1,"minecraft:bread":3,"minecraft:air":0,"minecraft:jungle_planks":24,"minecraft:wooden_axe":1,"minecraft:iron_leggings":1,"scout:upgraded_satchel":1,"minecraft:torch":8},"minecraft:used":{"minecraft:iron_shovel":44,"minecraft:bone_block":1,"minecraft:decorated_pot":1,"minecraft:chest":2,"minecraft:shield":43,"minecraft:stone":1,"minecraft:iron_sword":539,"minecraft:vex_spawn_egg":1,"minecraft:rotten_flesh":2,"minecraft:jungle_planks":22,"minecraft:axolotl_bucket":4,"minecraft:birch_sapling":1,"minecraft:packed_mud":1,"minecraft:iron_helmet":1,"minecraft:stone_brick_stairs":1,"minecraft:stone_bricks":21,"minecraft:sweet_berries":3,"minecraft:furnace":2,"hybrid-aquatic:hybrid_crate":1,"simplyswords:iron_rapier":1,"minecraft:oak_planks":2,"minecraft:stone_pickaxe":70,"minecraft:prismarine":1,"minecraft:wooden_pickaxe":16,"farmersdelight:organic_compost":1,"minecraft:blast_furnace":5,"minecraft:redstone_torch":1,"minecraft:bread":15,"minecraft:string":2,"minecraft:smithing_table":1,"minecraft:andesite":4,"minecraft:coarse_dirt":6,"minecraft:cobweb":5,"minecraft:iron_bars":4,"minecraft:flint_and_steel":14,"minecraft:dried_kelp":90,"minecraft:oak_door":2,"minecraft:torch":10,"minecraft:dirt":151,"minecraft:anvil":2,"hybrid-aquatic:moon_jellyfish_hat":2,"minecraft:granite":1,"minecraft:iron_hoe":155,"minecraft:dark_oak_planks":2,"minecraft:wooden_axe":19,"minecraft:iron_axe":178,"minecraft:iron_boots":2,"minecraft:bamboo":3,"minecraft:trapped_chest":1,"minecraft:cooked_beef":9,"minecraft:pumpkin":1,"minecraft:iron_ore":7,"minecraft:pink_tulip":1,"minecraft:birch_planks":11,"minecraft:baked_potato":30,"minecraft:tnt":3,"minecraft:crafting_table":9,"minecraft:campfire":1,"minecraft:smoker":7,"minecraft:spruce_log":1,"minecraft:oak_log":1,"minecraft:suspicious_stew":1,"minecraft:iron_pickaxe":373,"minecraft:stone_axe":45,"minecraft:fishing_rod":36,"minecraft:cobblestone":46,"minecraft:cooked_porkchop":28,"minecraft:bucket":5,"minecraft:pumpkin_pie":2,"minecraft:stripped_oak_log":1,"minecraft:splash_potion":1},"minecraft:mined":{"minecraft:dark_oak_planks":2,"minecraft:jungle_slab":1,"minecraft:jungle_leaves":9,"minecraft:brewing_stand":1,"minecraft:granite":4,"minecraft:stripped_crimson_hyphae":1,"minecraft:grass_block":22,"minecraft:stone_brick_wall":1,"minecraft:mud_bricks":11,"minecraft:fire":1,"minecraft:iron_ore":18,"minecraft:pumpkin":20,"minecraft:anvil":5,"minecraft:cave_vines":1,"minecraft:iron_bars":2,"minecraft:red_bed":1,"farmersdelight:organic_compost":1,"minecraft:kelp_plant":1,"minecraft:smoker":6,"minecraft:torch":1,"minecraft:blast_furnace":12,"minecraft:chest":1,"minecraft:dead_bush":1,"minecraft:cobblestone":8,"minecraft:prismarine":3,"minecraft:oak_planks":8,"minecraft:wall_torch":4,"minecraft:jungle_wood":3,"minecraft:birch_log":21,"minecraft:wheat":1,"minecraft:stone_brick_stairs":1,"minecraft:smooth_stone_slab":1,"minecraft:grass":46,"minecraft:oak_log":9,"minecraft:waxed_oxidized_copper":1,"minecraft:dirt":34,"minecraft:oak_leaves":6,"minecraft:dark_oak_log":9,"minecraft:decorated_pot":1,"minecraft:jungle_planks":15,"minecraft:large_fern":1,"minecraft:hay_block":63,"minecraft:packed_mud":5,"minecraft:furnace":1,"minecraft:andesite":4,"minecraft:stripped_spruce_log":1,"hybrid-aquatic:hybrid_crate":1,"minecraft:potatoes":1,"minecraft:stripped_oak_log":1,"minecraft:bamboo":4,"minecraft:stone":58,"minecraft:bone_block":1,"minecraft:redstone_wall_torch":1,"minecraft:podzol":2,"minecraft:smithing_table":2,"minecraft:glass_pane":1,"minecraft:dandelion":1,"minecraft:crafting_table":4,"minecraft:mangrove_wood":2,"farmersdelight:straw_bale":1,"minecraft:prismarine_slab":1,"minecraft:tall_grass":17,"minecraft:deepslate_coal_ore":4,"minecraft:dried_kelp_block":22,"minecraft:birch_planks":3,"minecraft:coarse_dirt":5,"minecraft:sweet_berry_bush":1,"minecraft:prismarine_brick_slab":1,"minecraft:spruce_log":2,"minecraft:birch_leaves":1,"minecraft:jungle_fence":3,"minecraft:coal_ore":56,"minecraft:gravel":1,"minecraft:dripstone_block":5,"minecraft:cobweb":5,"minecraft:fern":4}},"DataVersion":3465}