{"stats":{"minecraft:killed":{"minecraft:wither":4,"minecraft:skeleton":1,"minecraft:creeper":3,"minecraft:zombie":4,"minecraft:wither_skeleton":1},"minecraft:dropped":{"minecraft:enchanted_book":18,"minecraft:bread":128,"minecraft:iron_sword":1,"minecraft:netherite_pickaxe":3,"minecraft:vine":1,"minecraft:wheat_seeds":4,"minecraft:cooked_beef":64,"minecraft:chorus_fruit":256,"minecraft:sniffer_egg":64,"minecraft:golden_pickaxe":3,"minecraft:ender_pearl":176,"minecraft:netherite_chestplate":4,"minecraft:netherite_helmet":5,"minecraft:diamond_leggings":1,"minecraft:poisonous_potato":192,"minecraft:netherite_axe":4,"minecraft:warden_spawn_egg":448,"minecraft:iron_helmet":1,"minecraft:cobblestone":26,"minecraft:spectral_arrow":640,"minecraft:lantern":64,"minecraft:granite":3,"minecraft:piglin_head":128,"minecraft:dragon_breath":1024,"minecraft:grass_block":1,"minecraft:golden_apple":800,"minecraft:end_rod":320,"minecraft:dirt":279,"minecraft:netherite_scrap":64,"minecraft:golden_carrot":192,"minecraft:torch":2,"minecraft:waxed_exposed_cut_copper_slab":64,"minecraft:netherite_boots":4,"minecraft:diamond_helmet":1,"minecraft:zombie_head":192,"minecraft:iron_leggings":1,"minecraft:green_carpet":4,"minecraft:dried_kelp":448,"minecraft:iron_axe":2,"minecraft:iron_pickaxe":7,"minecraft:acacia_planks":1,"minecraft:anvil":64,"minecraft:creeper_head":192,"minecraft:bamboo_chest_raft":8,"minecraft:player_head":128,"minecraft:dragon_head":64,"minecraft:netherite_ingot":128,"minecraft:cooked_chicken":128,"minecraft:raw_copper":13,"minecraft:netherite_sword":3,"minecraft:wheat":2,"minecraft:experience_bottle":386,"minecraft:beetroot":64,"minecraft:chicken":128,"minecraft:white_carpet":4,"minecraft:rotten_flesh":64,"minecraft:wither_skeleton_skull":64,"minecraft:iron_boots":1,"minecraft:enchanted_golden_apple":512,"minecraft:totem_of_undying":27,"minecraft:netherite_leggings":4,"minecraft:suspicious_stew":11,"minecraft:diamond_sword":1,"minecraft:oak_chest_boat":4,"minecraft:tipped_arrow":832,"minecraft:turtle_helmet":8,"minecraft:shield":3,"minecraft:trident":8,"minecraft:diamond_chestplate":1,"minecraft:iron_chestplate":1,"minecraft:dragon_egg":64,"minecraft:diamond_pickaxe":3,"minecraft:chest":1,"minecraft:diamond_boots":1,"minecraft:rabbit_stew":3,"minecraft:arrow":32,"minecraft:bow":8,"minecraft:cooked_rabbit":64,"minecraft:firework_rocket":64},"minecraft:broken":{"minecraft:netherite_helmet":1,"minecraft:netherite_leggings":1,"minecraft:netherite_boots":1},"minecraft:used":{"minecraft:trident":2,"minecraft:netherite_sword":241,"minecraft:iron_bars":1,"minecraft:red_concrete":1,"minecraft:dispenser":10,"minecraft:bone_block":5,"minecraft:chest":18,"minecraft:stone":4,"minecraft:wither_skeleton_spawn_egg":4,"minecraft:torch":30,"minecraft:bee_spawn_egg":1,"minecraft:dirt":120,"minecraft:soul_sand":145,"minecraft:anvil":20,"minecraft:white_carpet":8,"minecraft:cod_bucket":47,"minecraft:obsidian":27,"minecraft:glass":9,"minecraft:dark_oak_planks":1,"minecraft:red_wool":5,"minecraft:grass_block":69,"minecraft:spawner":12,"minecraft:netherite_hoe":3,"minecraft:totem_of_undying":3,"minecraft:stone_bricks":2,"minecraft:birch_button":2,"minecraft:dolphin_spawn_egg":3,"minecraft:bow":350,"minecraft:golden_carrot":2,"minecraft:black_stained_glass":4,"minecraft:iron_trapdoor":8,"minecraft:zombified_piglin_spawn_egg":2,"minecraft:acacia_planks":1,"minecraft:enchanted_golden_apple":21,"minecraft:light_blue_carpet":1,"minecraft:wheat_seeds":3,"minecraft:water_bucket":2,"minecraft:wither_skeleton_skull":69,"minecraft:red_stained_glass":2,"minecraft:lime_wool":5,"minecraft:oak_planks":2,"minecraft:copper_block":2,"minecraft:iron_golem_spawn_egg":11,"minecraft:redstone_block":7,"minecraft:sniffer_egg":32,"minecraft:beacon":2,"minecraft:parrot_spawn_egg":5,"minecraft:golden_apple":11,"minecraft:glow_berries":4,"minecraft:rabbit_spawn_egg":34,"minecraft:diamond_block":9,"minecraft:sand":2,"minecraft:tnt":4,"minecraft:crafting_table":2,"minecraft:acacia_leaves":43,"minecraft:lingering_potion":10,"minecraft:gray_concrete":2,"minecraft:spruce_log":48,"minecraft:creeper_spawn_egg":14,"minecraft:oak_log":3,"minecraft:netherite_block":187,"minecraft:black_concrete":1,"minecraft:oak_button":7,"minecraft:stone_button":3,"minecraft:diamond_ore":23,"minecraft:iron_door":2,"minecraft:blue_carpet":3,"minecraft:cobblestone":4,"minecraft:white_stained_glass":1,"minecraft:white_concrete":2,"minecraft:experience_bottle":27,"minecraft:splash_potion":916},"minecraft:killed_by":{"minecraft:player":2},"minecraft:crafted":{"minecraft:leather_chestplate":5},"minecraft:mined":{"minecraft:short_grass":40},"minecraft:custom":{"minecraft:interact_with_anvil":18,"minecraft:mob_kills":16,"minecraft:interact_with_crafting_table":4,"minecraft:leave_game":2,"minecraft:time_since_death":9209,"minecraft:damage_resisted":3484,"minecraft:climb_one_cm":5091,"minecraft:sprint_one_cm":173203,"minecraft:walk_one_cm":223212,"minecraft:drop":315,"minecraft:play_time":156886,"minecraft:deaths":5,"minecraft:sneak_time":2935,"minecraft:walk_under_water_one_cm":21544,"minecraft:jump":2084,"minecraft:walk_on_water_one_cm":10561,"minecraft:total_world_time":156886,"minecraft:time_since_rest":9239,"minecraft:damage_taken":4357,"minecraft:damage_absorbed":3238,"minecraft:trigger_trapped_chest":1,"minecraft:damage_dealt":10743,"minecraft:interact_with_beacon":1,"minecraft:swim_one_cm":8755,"minecraft:fly_one_cm":1334953,"minecraft:player_kills":2,"minecraft:open_chest":52,"minecraft:crouch_one_cm":3102,"minecraft:fall_one_cm":54991,"minecraft:inspect_dispenser":11},"minecraft:picked_up":{"minecraft:anvil":173,"minecraft:creeper_head":192,"minecraft:wheat":2,"minecraft:turtle_helmet":8,"minecraft:golden_pickaxe":1,"minecraft:chicken":137,"minecraft:suspicious_stew":10,"minecraft:rabbit_stew":3,"minecraft:diamond_sword":5,"minecraft:wooden_pickaxe":1,"minecraft:cooked_rabbit":64,"minecraft:wither_rose":1,"minecraft:enchanted_book":31,"minecraft:dragon_head":64,"minecraft:dragon_breath":1024,"minecraft:string":3,"minecraft:raw_copper":13,"minecraft:iron_axe":2,"minecraft:netherite_ingot":114,"minecraft:netherite_scrap":64,"minecraft:item_frame":10,"minecraft:white_carpet":8,"minecraft:zombie_head":192,"minecraft:experience_bottle":367,"minecraft:beetroot":64,"minecraft:activator_rail":31,"minecraft:detector_rail":7,"minecraft:netherite_sword":3,"minecraft:bucket":1,"minecraft:beef":189,"minecraft:player_head":128,"minecraft:iron_pickaxe":5,"minecraft:light_gray_wool":2,"minecraft:enchanted_golden_apple":281,"minecraft:chest":1,"minecraft:egg":110,"minecraft:bamboo_chest_raft":8,"minecraft:tipped_arrow":66,"minecraft:lime_wool":3,"minecraft:stick":13,"minecraft:oak_fence":2,"minecraft:acacia_log":14,"minecraft:torch":451,"minecraft:bowl":1,"minecraft:porkchop":220,"minecraft:dried_kelp":444,"minecraft:trident":6,"minecraft:warden_spawn_egg":432,"minecraft:redstone":30,"minecraft:blue_carpet":1,"minecraft:waxed_exposed_cut_copper_slab":49,"minecraft:sniffer_egg":64,"minecraft:orange_bed":2,"minecraft:arrow":7,"minecraft:stone_sword":1,"minecraft:cactus":23,"minecraft:rotten_flesh":79,"minecraft:beetroot_seeds":36,"minecraft:peony":1,"minecraft:totem_of_undying":18,"minecraft:end_rod":320,"minecraft:green_wool":4,"minecraft:gold_ingot":4,"minecraft:oak_chest_boat":4,"minecraft:netherite_chestplate":3,"minecraft:glow_berries":71,"minecraft:mutton":191,"minecraft:rail":292,"minecraft:snowball":145,"minecraft:white_wool":59,"minecraft:cobblestone":73,"minecraft:netherite_boots":2,"minecraft:lilac":2,"minecraft:leather_chestplate":1,"minecraft:feather":53,"minecraft:cooked_beef":64,"minecraft:golden_carrot":126,"minecraft:glow_ink_sac":34,"minecraft:salmon":1,"minecraft:leather":104,"minecraft:brown_wool":2,"minecraft:red_mushroom":1,"minecraft:birch_planks":1,"minecraft:oak_log":2,"minecraft:wither_skeleton_skull":194,"minecraft:gunpowder":6,"minecraft:netherite_leggings":2,"minecraft:lapis_lazuli":68,"minecraft:dirt":1386,"minecraft:lantern":64,"minecraft:white_banner":1,"minecraft:name_tag":21,"minecraft:piglin_head":128,"minecraft:red_carpet":1,"minecraft:bone":5,"minecraft:acacia_planks":13,"minecraft:apple":2,"minecraft:bow":5,"minecraft:wheat_seeds":119,"minecraft:iron_ingot":88,"minecraft:stone_pickaxe":1,"minecraft:cooked_chicken":128,"minecraft:netherite_axe":1,"minecraft:glowstone_dust":25,"minecraft:powered_rail":16,"minecraft:acacia_sapling":1,"minecraft:soul_sand":1,"minecraft:red_wool":1,"minecraft:poisonous_potato":192,"minecraft:gravel":2,"minecraft:ink_sac":21,"minecraft:spectral_arrow":111,"minecraft:dragon_egg":64,"minecraft:green_carpet":10,"minecraft:firework_rocket":512,"minecraft:pumpkin_seeds":29,"minecraft:diamond":6,"minecraft:stone_axe":1,"minecraft:netherite_helmet":2,"minecraft:granite":9,"minecraft:golden_apple":479,"minecraft:gray_wool":4,"minecraft:bread":25,"minecraft:nether_star":16,"minecraft:oak_sapling":4,"minecraft:melon_seeds":16,"minecraft:black_wool":4,"minecraft:coal":62,"minecraft:diamond_pickaxe":1,"minecraft:ender_pearl":112}},"DataVersion":3700}