{"stats":{"minecraft:killed":{"minecraft:creeper":3,"minecraft:zombie":2,"minecraft:wither_skeleton":1},"minecraft:dropped":{"minecraft:enchanted_book":6,"minecraft:bread":128,"minecraft:iron_sword":1,"minecraft:netherite_pickaxe":3,"minecraft:vine":1,"minecraft:wheat_seeds":2,"minecraft:cooked_beef":64,"minecraft:chorus_fruit":256,"minecraft:sniffer_egg":64,"minecraft:golden_pickaxe":3,"minecraft:ender_pearl":176,"minecraft:netherite_chestplate":2,"minecraft:netherite_helmet":3,"minecraft:diamond_leggings":1,"minecraft:poisonous_potato":192,"minecraft:netherite_axe":4,"minecraft:warden_spawn_egg":448,"minecraft:iron_helmet":1,"minecraft:spectral_arrow":640,"minecraft:lantern":64,"minecraft:piglin_head":128,"minecraft:dragon_breath":1024,"minecraft:grass_block":1,"minecraft:golden_apple":736,"minecraft:end_rod":320,"minecraft:dirt":203,"minecraft:golden_carrot":192,"minecraft:torch":2,"minecraft:netherite_boots":2,"minecraft:diamond_helmet":1,"minecraft:zombie_head":192,"minecraft:iron_leggings":1,"minecraft:green_carpet":4,"minecraft:dried_kelp":448,"minecraft:iron_axe":2,"minecraft:iron_pickaxe":7,"minecraft:acacia_planks":1,"minecraft:anvil":64,"minecraft:creeper_head":192,"minecraft:bamboo_chest_raft":8,"minecraft:player_head":128,"minecraft:dragon_head":64,"minecraft:netherite_ingot":64,"minecraft:cooked_chicken":128,"minecraft:netherite_sword":1,"minecraft:wheat":2,"minecraft:experience_bottle":64,"minecraft:beetroot":64,"minecraft:chicken":128,"minecraft:white_carpet":4,"minecraft:rotten_flesh":64,"minecraft:wither_skeleton_skull":64,"minecraft:iron_boots":1,"minecraft:enchanted_golden_apple":512,"minecraft:totem_of_undying":19,"minecraft:netherite_leggings":2,"minecraft:suspicious_stew":11,"minecraft:diamond_sword":1,"minecraft:oak_chest_boat":4,"minecraft:tipped_arrow":832,"minecraft:turtle_helmet":8,"minecraft:shield":3,"minecraft:trident":8,"minecraft:diamond_chestplate":1,"minecraft:iron_chestplate":1,"minecraft:dragon_egg":64,"minecraft:diamond_pickaxe":3,"minecraft:chest":1,"minecraft:diamond_boots":1,"minecraft:rabbit_stew":3,"minecraft:bow":4,"minecraft:cooked_rabbit":64,"minecraft:firework_rocket":64},"minecraft:used":{"minecraft:trident":2,"minecraft:netherite_sword":25,"minecraft:iron_bars":1,"minecraft:red_concrete":1,"minecraft:dispenser":10,"minecraft:bone_block":5,"minecraft:chest":18,"minecraft:stone":4,"minecraft:wither_skeleton_spawn_egg":4,"minecraft:torch":30,"minecraft:bee_spawn_egg":1,"minecraft:dirt":23,"minecraft:soul_sand":145,"minecraft:anvil":5,"minecraft:white_carpet":8,"minecraft:cod_bucket":47,"minecraft:obsidian":27,"minecraft:glass":9,"minecraft:dark_oak_planks":1,"minecraft:red_wool":5,"minecraft:grass_block":69,"minecraft:spawner":12,"minecraft:netherite_hoe":3,"minecraft:stone_bricks":2,"minecraft:birch_button":2,"minecraft:dolphin_spawn_egg":3,"minecraft:bow":97,"minecraft:golden_carrot":2,"minecraft:black_stained_glass":4,"minecraft:iron_trapdoor":8,"minecraft:zombified_piglin_spawn_egg":2,"minecraft:acacia_planks":1,"minecraft:enchanted_golden_apple":5,"minecraft:light_blue_carpet":1,"minecraft:wheat_seeds":3,"minecraft:water_bucket":2,"minecraft:wither_skeleton_skull":69,"minecraft:red_stained_glass":2,"minecraft:lime_wool":5,"minecraft:oak_planks":2,"minecraft:copper_block":2,"minecraft:iron_golem_spawn_egg":11,"minecraft:redstone_block":7,"minecraft:sniffer_egg":32,"minecraft:beacon":2,"minecraft:parrot_spawn_egg":5,"minecraft:golden_apple":1,"minecraft:glow_berries":4,"minecraft:rabbit_spawn_egg":34,"minecraft:diamond_block":9,"minecraft:sand":2,"minecraft:tnt":4,"minecraft:crafting_table":2,"minecraft:acacia_leaves":43,"minecraft:lingering_potion":10,"minecraft:gray_concrete":2,"minecraft:spruce_log":48,"minecraft:creeper_spawn_egg":14,"minecraft:oak_log":3,"minecraft:netherite_block":187,"minecraft:black_concrete":1,"minecraft:oak_button":7,"minecraft:stone_button":3,"minecraft:diamond_ore":23,"minecraft:iron_door":2,"minecraft:blue_carpet":3,"minecraft:cobblestone":4,"minecraft:white_stained_glass":1,"minecraft:white_concrete":2,"minecraft:experience_bottle":27,"minecraft:splash_potion":916},"minecraft:crafted":{"minecraft:leather_chestplate":5},"minecraft:custom":{"minecraft:interact_with_anvil":11,"minecraft:mob_kills":8,"minecraft:interact_with_crafting_table":4,"minecraft:leave_game":2,"minecraft:time_since_death":87309,"minecraft:damage_resisted":788,"minecraft:climb_one_cm":5091,"minecraft:sprint_one_cm":141224,"minecraft:walk_one_cm":182116,"minecraft:drop":262,"minecraft:play_time":132886,"minecraft:deaths":3,"minecraft:sneak_time":2724,"minecraft:walk_under_water_one_cm":21154,"minecraft:jump":1250,"minecraft:walk_on_water_one_cm":5381,"minecraft:total_world_time":132886,"minecraft:time_since_rest":87361,"minecraft:damage_taken":1291,"minecraft:damage_absorbed":537,"minecraft:trigger_trapped_chest":1,"minecraft:damage_dealt":2144,"minecraft:interact_with_beacon":1,"minecraft:swim_one_cm":8755,"minecraft:fly_one_cm":1255017,"minecraft:player_kills":2,"minecraft:open_chest":52,"minecraft:crouch_one_cm":2936,"minecraft:fall_one_cm":21388,"minecraft:inspect_dispenser":11},"minecraft:picked_up":{"minecraft:anvil":59,"minecraft:creeper_head":192,"minecraft:wheat":2,"minecraft:turtle_helmet":8,"minecraft:golden_pickaxe":1,"minecraft:chicken":137,"minecraft:suspicious_stew":10,"minecraft:rabbit_stew":3,"minecraft:diamond_sword":5,"minecraft:wooden_pickaxe":1,"minecraft:cooked_rabbit":64,"minecraft:wither_rose":1,"minecraft:enchanted_book":9,"minecraft:dragon_head":64,"minecraft:dragon_breath":1024,"minecraft:string":3,"minecraft:raw_copper":13,"minecraft:iron_axe":2,"minecraft:item_frame":10,"minecraft:white_carpet":8,"minecraft:zombie_head":192,"minecraft:experience_bottle":301,"minecraft:beetroot":64,"minecraft:activator_rail":31,"minecraft:detector_rail":7,"minecraft:bucket":1,"minecraft:beef":189,"minecraft:player_head":128,"minecraft:iron_pickaxe":5,"minecraft:light_gray_wool":2,"minecraft:enchanted_golden_apple":62,"minecraft:chest":1,"minecraft:egg":110,"minecraft:bamboo_chest_raft":8,"minecraft:lime_wool":3,"minecraft:stick":9,"minecraft:oak_fence":2,"minecraft:acacia_log":3,"minecraft:torch":451,"minecraft:bowl":1,"minecraft:porkchop":220,"minecraft:dried_kelp":444,"minecraft:trident":6,"minecraft:warden_spawn_egg":432,"minecraft:redstone":30,"minecraft:blue_carpet":1,"minecraft:sniffer_egg":64,"minecraft:orange_bed":2,"minecraft:stone_sword":1,"minecraft:cactus":23,"minecraft:rotten_flesh":65,"minecraft:beetroot_seeds":36,"minecraft:peony":1,"minecraft:end_rod":320,"minecraft:green_wool":4,"minecraft:gold_ingot":4,"minecraft:oak_chest_boat":4,"minecraft:glow_berries":71,"minecraft:mutton":191,"minecraft:rail":292,"minecraft:snowball":145,"minecraft:white_wool":59,"minecraft:cobblestone":45,"minecraft:lilac":2,"minecraft:leather_chestplate":1,"minecraft:feather":53,"minecraft:cooked_beef":64,"minecraft:golden_carrot":126,"minecraft:glow_ink_sac":34,"minecraft:salmon":1,"minecraft:leather":104,"minecraft:brown_wool":2,"minecraft:red_mushroom":1,"minecraft:birch_planks":1,"minecraft:oak_log":2,"minecraft:wither_skeleton_skull":66,"minecraft:gunpowder":6,"minecraft:lapis_lazuli":68,"minecraft:dirt":181,"minecraft:lantern":64,"minecraft:white_banner":1,"minecraft:name_tag":21,"minecraft:piglin_head":128,"minecraft:red_carpet":1,"minecraft:bone":2,"minecraft:acacia_planks":13,"minecraft:apple":2,"minecraft:bow":2,"minecraft:wheat_seeds":21,"minecraft:iron_ingot":88,"minecraft:stone_pickaxe":1,"minecraft:cooked_chicken":128,"minecraft:netherite_axe":1,"minecraft:glowstone_dust":25,"minecraft:powered_rail":16,"minecraft:acacia_sapling":1,"minecraft:soul_sand":1,"minecraft:red_wool":1,"minecraft:poisonous_potato":192,"minecraft:gravel":2,"minecraft:ink_sac":21,"minecraft:spectral_arrow":4,"minecraft:dragon_egg":64,"minecraft:green_carpet":10,"minecraft:firework_rocket":512,"minecraft:pumpkin_seeds":29,"minecraft:diamond":6,"minecraft:stone_axe":1,"minecraft:granite":3,"minecraft:golden_apple":72,"minecraft:gray_wool":4,"minecraft:bread":25,"minecraft:oak_sapling":4,"minecraft:melon_seeds":16,"minecraft:black_wool":4,"minecraft:coal":62,"minecraft:diamond_pickaxe":1,"minecraft:ender_pearl":112}},"DataVersion":3700}