{"stats":{"minecraft:picked_up":{"minecraft:wooden_axe":1,"minecraft:birch_door":4,"minecraft:iron_chestplate":30,"minecraft:flower_pot":1,"minecraft:anvil":33,"minecraft:smithing_table":4,"minecraft:lead":33,"minecraft:diamond_sword":15,"minecraft:oak_stairs":6,"minecraft:enchanted_book":10,"simplyswords:iron_rapier":8,"minecraft:brewing_stand":1,"hybrid-aquatic:blue_tang":1,"minecraft:amethyst_block":2,"minecraft:string":409,"minecraft:dark_oak_trapdoor":1,"minecraft:soul_soil":1,"minecraft:red_nether_bricks":4,"minecraft:diamond_leggings":35,"minecraft:gold_nugget":2,"minecraft:cobbled_deepslate":168,"bosses_of_mass_destruction:soul_star":15,"minecraft:spruce_planks":82,"minecraft:written_book":1,"minecraft:enchanted_golden_apple":12,"minecraft:coal_block":22,"minecraft:golden_helmet":1,"minecraft:sheaf_pottery_sherd":1,"minecraft:composter":2,"graveyard:deepslate_gravestone":1,"hybrid-aquatic:flashlight_fish":7,"minecraft:acacia_log":29,"minecraft:end_crystal":1,"minecraft:golden_chestplate":1,"minecraft:rabbit_foot":8,"minecraft:brown_carpet":4,"minecraft:waxed_cut_copper_stairs":1,"hybrid-aquatic:clownfish":2,"minecraft:shaper_armor_trim_smithing_template":5,"minecraft:stone_sword":2,"minecraft:vex_armor_trim_smithing_template":12,"minecraft:iron_block":4,"minecraft:red_tulip":1,"minecraft:cyan_terracotta":25,"farmersdelight:rope":7,"minecraft:end_rod":9,"minecraft:host_armor_trim_smithing_template":7,"minecraft:iron_bars":6,"minecraft:snowball":50,"soulsweapons:moonstone_pickaxe":2,"minecraft:birch_log":86,"minecraft:mossy_cobblestone_slab":2,"minecraft:feather":37,"minecraft:cooked_beef":236,"minecraft:iron_door":3,"minecraft:birch_slab":8,"minecraft:water_bucket":33,"minecraft:jungle_wood":6,"minecraft:smoker":9,"hybrid-aquatic:sea_message_book":1,"exposure:aged_photograph":1,"minecraft:flint":2,"minecraft:stripped_spruce_wood":3,"minecraft:mangrove_slab":2,"minecraft:lantern":4,"minecraft:gray_concrete_powder":10,"minecraft:purple_carpet":8,"minecraft:stonecutter":2,"minecraft:diamond_helmet":1,"minecraft:glowstone_dust":6,"minecraft:moss_block":15,"hybrid-aquatic:barreleye":1,"scout:upgraded_satchel":32,"minecraft:birch_fence_gate":2,"hybrid-aquatic:neon_tetra":1,"minecraft:dark_oak_log":23,"minecraft:trapped_chest":1,"minecraft:red_terracotta":8,"minecraft:barrel":3,"minecraft:bundle":9,"graveyard:oak_coffin":2,"minecraft:quartz_bricks":4,"minecraft:iron_hoe":21,"minecraft:polished_andesite":20,"immersive_melodies:piano":3,"minecraft:white_candle":3,"scout:tanned_leather":30,"minecraft:blue_terracotta":1,"minecraft:angler_pottery_sherd":1,"minecraft:granite":2,"minecraft:golden_horse_armor":2,"minecraft:bread":2450,"minecraft:rooted_dirt":7,"minecraft:dark_oak_fence":3,"minecraft:diamond_pickaxe":19,"minecraft:shelter_pottery_sherd":1,"minecraft:coarse_dirt":17,"minecraft:crafting_table":12,"hybrid-aquatic:lionfish":1,"minecraft:clay_ball":104,"minecraft:redstone_lamp":1,"minecraft:golden_pickaxe":2,"minecraft:leather_leggings":6,"friendsandfoes:totem_of_illusion":21,"minecraft:orange_banner":1,"minecraft:cornflower":14,"hybrid-aquatic:hybrid_crate":1,"minecraft:flint_and_steel":13,"minecraft:iron_shovel":9,"minecraft:cracked_stone_bricks":3,"minecraft:beef":71,"minecraft:poppy":3,"minecraft:spruce_slab":4,"minecraft:chest":5,"minecraft:birch_sapling":1,"minecraft:waxed_oxidized_copper":1,"scout:upgraded_pouch":62,"minecraft:diamond_hoe":1,"minecraft:raw_copper_block":1,"minecraft:egg":1,"minecraft:polished_deepslate_slab":6,"minecraft:stone":50,"minecraft:raw_gold_block":11,"minecraft:oak_door":6,"minecraft:glow_item_frame":3,"minecraft:spruce_fence":65,"minecraft:cake":2,"minecraft:mangrove_sign":11,"graveyard:dark_iron_bars":2,"minecraft:carrot":5,"minecraft:redstone":844,"minecraft:tnt":31,"minecraft:bamboo_sign":1,"minecraft:diamond_chestplate":19,"simplyswords:diamond_halberd":14,"minecraft:decorated_pot":1,"minecraft:peony":1,"minecraft:deepslate_bricks":2,"minecraft:diamond_boots":14,"minecraft:hay_block":270,"minecraft:cracked_deepslate_bricks":3,"minecraft:gold_ingot":365,"minecraft:totem_of_undying":10,"minecraft:glow_berries":11,"minecraft:mutton":2,"minecraft:bone_block":1,"minecraft:white_wool":22,"minecraft:oxeye_daisy":3,"minecraft:stripped_oak_log":2,"minecraft:mud_bricks":7,"farmersdelight:straw_bale":1,"minecraft:tripwire_hook":5,"minecraft:jungle_fence":5,"minecraft:red_mushroom":6,"minecraft:filled_map":23,"minecraft:packed_mud":6,"graveyard:small_light_gray_urn":1,"scout:pouch":5,"minecraft:oak_log":152,"minecraft:lily_pad":2,"minecraft:golden_boots":2,"hybrid-aquatic:blue_spotted_stingray":1,"farmersdelight:skillet":3,"minecraft:sculk_vein":32,"minecraft:white_banner":4,"farmersdelight:organic_compost":1,"minecraft:apple":297,"minecraft:stone_bricks":24,"farmersdelight:cooking_pot":1,"minecraft:kelp":2,"minecraft:wild_armor_trim_smithing_template":30,"minecraft:spore_blossom":7,"minecraft:stone_pickaxe":1,"minecraft:cobweb":26,"minecraft:glass_bottle":5,"minecraft:mangrove_planks":18,"minecraft:iron_sword":36,"minecraft:dark_oak_stairs":19,"minecraft:smooth_basalt":5,"minecraft:dark_oak_slab":5,"minecraft:sweet_berries":27,"minecraft:red_wool":3,"minecraft:spruce_sapling":8,"minecraft:spruce_log":293,"minecraft:leather_helmet":1,"minecraft:oak_wood":32,"minecraft:diamond_shovel":13,"minecraft:purple_bed":2,"minecraft:slime_ball":19,"minecraft:snort_pottery_sherd":1,"minecraft:stone_axe":3,"minecraft:diamond_axe":8,"minecraft:birch_sign":1,"minecraft:baked_potato":77,"minecraft:melon_seeds":14,"minecraft:stripped_dark_oak_log":36,"minecraft:mangrove_propagule":1,"minecraft:ender_pearl":18,"minecraft:exposed_copper":1,"minecraft:nether_brick_fence":3,"minecraft:sentry_armor_trim_smithing_template":5,"soulsweapons:moonstone":18,"minecraft:potion":31,"minecraft:stone_brick_stairs":6,"simplyswords:gold_greataxe":3,"minecraft:waxed_cut_copper_slab":4,"minecraft:raw_copper":18,"minecraft:smooth_stone_slab":30,"minecraft:sticky_piston":5,"minecraft:iron_leggings":30,"minecraft:armor_stand":1,"minecraft:experience_bottle":470,"minecraft:zombie_head":4,"minecraft:deepslate_tiles":7,"minecraft:bucket":18,"minecraft:redstone_torch":12,"minecraft:azalea":1,"minecraft:calcite":72,"hybrid-aquatic:glowing_hook":1,"minecraft:wooden_shovel":1,"minecraft:iron_pickaxe":29,"minecraft:smooth_quartz":8,"minecraft:iron_boots":49,"minecraft:furnace":2,"minecraft:tipped_arrow":16,"minecraft:stick":82,"minecraft:acacia_fence":4,"minecraft:oak_fence":4,"minecraft:polished_deepslate_stairs":1,"minecraft:torch":1073,"minecraft:spruce_stairs":10,"minecraft:porkchop":20,"minecraft:dried_kelp":32,"minecraft:diorite":17,"hybrid-aquatic:moon_jellyfish_hat":1,"deeperdarker:soul_dust":2,"minecraft:rotten_flesh":802,"minecraft:leather_horse_armor":4,"minecraft:deepslate_brick_stairs":3,"minecraft:obsidian":43,"adventurez:orc_skin":8,"minecraft:cod":14,"minecraft:cobblestone":735,"minecraft:pink_petals":4,"minecraft:leather_chestplate":17,"minecraft:raiser_armor_trim_smithing_template":4,"minecraft:andesite":20,"minecraft:mud_brick_stairs":2,"minecraft:chiseled_quartz_block":1,"minecraft:potato":75,"minecraft:tuff":34,"adventurez:gilded_blackstone_shard":1,"minecraft:wither_skeleton_skull":3,"minecraft:dirt":1246,"minecraft:weathered_cut_copper":1,"minecraft:name_tag":43,"minecraft:leather_boots":5,"minecraft:mangrove_fence":7,"minecraft:bone":2196,"minecraft:acacia_planks":120,"hybrid-aquatic:moray_eel":3,"minecraft:bow":34,"minecraft:wheat_seeds":167,"minecraft:orange_tulip":13,"minecraft:deepslate_brick_slab":1,"minecraft:raw_gold":32,"minecraft:cobbled_deepslate_slab":5,"minecraft:birch_wood":7,"minecraft:mossy_stone_bricks":4,"minecraft:bamboo":85,"minecraft:prismarine":1,"simplyswords:diamond_sai":1,"minecraft:oak_planks":516,"hybrid-aquatic:oscar":2,"minecraft:cooked_porkchop":63,"graveyard:bone_dagger":1,"minecraft:axolotl_bucket":11,"minecraft:oak_pressure_plate":4,"minecraft:jungle_planks":12,"hybrid-aquatic:raw_fish_meat":2,"minecraft:grass_block":2,"minecraft:diamond_block":8,"minecraft:jungle_slab":1,"minecraft:mossy_cobblestone":12,"minecraft:dark_prismarine":6,"minecraft:light_gray_concrete":9,"minecraft:spruce_fence_gate":1,"minecraft:diamond":367,"minecraft:mangrove_wood":2,"minecraft:slime_block":1,"minecraft:cracked_polished_blackstone_bricks":1,"minecraft:crossbow":2,"minecraft:bone_meal":2,"minecraft:golden_apple":253,"soulsweapons:verglas":15,"minecraft:spruce_sign":1,"minecraft:emerald":652,"minecraft:oak_sapling":33,"minecraft:netherrack":15,"minecraft:andesite_slab":2,"minecraft:lingering_potion":11,"minecraft:fishing_rod":8,"minecraft:charcoal":4,"minecraft:azure_bluet":10,"minecraft:splash_potion":10,"minecraft:chicken":1,"minecraft:ladder":3,"simplyswords:diamond_katana":15,"minecraft:brown_mushroom":4,"minecraft:wooden_pickaxe":3,"minecraft:gold_block":19,"minecraft:diamond_horse_armor":14,"minecraft:chain":3,"hybrid-aquatic:discus":3,"minecraft:shield":48,"minecraft:oak_trapdoor":7,"minecraft:stone_stairs":1,"minecraft:iron_axe":37,"minecraft:wooden_sword":24,"minecraft:quartz_slab":1,"minecraft:item_frame":7,"minecraft:vex_spawn_egg":1,"minecraft:birch_fence":7,"minecraft:cyan_carpet":18,"minecraft:blackstone":160,"torchesntrinkets:lantern_belt":18,"graveyard:corruption":14,"simplyswords:runic_tablet":6,"minecraft:candle":46,"minecraft:dark_prismarine_stairs":1,"minecraft:echo_shard":3,"minecraft:player_head":3,"minecraft:sugar_cane":137,"minecraft:spruce_trapdoor":13,"minecraft:phantom_membrane":34,"minecraft:dark_oak_sapling":1,"minecraft:raw_iron":62,"minecraft:stripped_mangrove_wood":49,"hybrid-aquatic:gourami":1,"minecraft:copper_ingot":4,"exposure:photograph":4,"minecraft:bowl":3,"minecraft:stone_button":2,"hybrid-aquatic:shark_tooth":3,"minecraft:trident":7,"minecraft:iron_horse_armor":2,"minecraft:stone_pressure_plate":1,"minecraft:purple_terracotta":2,"minecraft:dark_oak_planks":96,"minecraft:arrow":508,"scout:satchel":3,"minecraft:pumpkin_pie":79,"minecraft:pink_tulip":1,"minecraft:saddle":16,"minecraft:black_banner":2,"minecraft:skeleton_skull":10,"minecraft:cracked_deepslate_tiles":9,"minecraft:prismarine_slab":1,"minecraft:basalt":5,"minecraft:dark_oak_button":2,"minecraft:golden_carrot":242,"minecraft:glow_ink_sac":2,"minecraft:salmon":18,"minecraft:leather":368,"minecraft:birch_planks":706,"minecraft:cobbled_deepslate_stairs":1,"minecraft:yellow_bed":4,"minecraft:gunpowder":1587,"minecraft:cobblestone_wall":2,"minecraft:cobblestone_stairs":1,"hybrid-aquatic:dungeness_crab_claw":3,"minecraft:cooked_mutton":2,"minecraft:coast_armor_trim_smithing_template":2,"minecraft:red_carpet":71,"minecraft:gray_carpet":34,"minecraft:spruce_wood":37,"minecraft:iron_ingot":526,"minecraft:stripped_oak_wood":2,"minecraft:polished_andesite_slab":8,"minecraft:acacia_sapling":2,"minecraft:soul_sand":5,"minecraft:book":47,"minecraft:oak_slab":1,"minecraft:black_candle":2,"minecraft:emerald_block":4,"minecraft:pumpkin":62,"simplyswords:iron_greataxe":17,"minecraft:brush":4,"minecraft:dandelion":19,"minecraft:dripstone_block":3,"minecraft:amethyst_shard":69,"minecraft:soul_torch":2,"hybrid-aquatic:betta":3,"minecraft:red_banner":2,"minecraft:blast_furnace":94,"minecraft:white_bed":2,"minecraft:nether_brick_slab":5,"minecraft:dark_oak_fence_gate":3,"minecraft:green_carpet":1,"minecraft:spider_eye":15,"minecraft:pumpkin_seeds":3,"minecraft:dried_kelp_block":21,"minecraft:white_concrete_powder":8,"minecraft:iron_helmet":54,"minecraft:exposed_cut_copper_slab":2,"minecraft:netherite_hoe":2,"minecraft:dark_oak_wood":33,"minecraft:coal":896},"minecraft:used":{"minecraft:moss_block":4,"minecraft:nether_brick_fence":1,"minecraft:spruce_slab":1,"minecraft:poppy":2,"minecraft:chest":16,"minecraft:stone":1,"minecraft:rotten_flesh":3,"minecraft:deepslate_brick_slab":1,"minecraft:cracked_deepslate_tiles":9,"minecraft:snowball":34,"minecraft:lava_bucket":4,"friendsandfoes:totem_of_illusion":1,"minecraft:grass_block":1,"minecraft:birch_sapling":1,"minecraft:netherite_hoe":169,"minecraft:dark_oak_button":4,"minecraft:stone_brick_stairs":2,"minecraft:bow":250,"minecraft:sweet_berries":6,"minecraft:furnace":7,"minecraft:oak_sapling":10,"minecraft:acacia_fence":10,"hybrid-aquatic:hybrid_crate":1,"minecraft:leather_leggings":1,"simplyswords:gold_greataxe":2,"minecraft:spruce_door":3,"simplyswords:iron_rapier":15,"minecraft:blackstone":125,"minecraft:prismarine":1,"minecraft:orange_tulip":2,"minecraft:wooden_pickaxe":16,"minecraft:golden_apple":3,"minecraft:stripped_mangrove_wood":9,"minecraft:blast_furnace":18,"minecraft:purple_terracotta":2,"minecraft:pumpkin_seeds":83,"minecraft:deepslate_brick_stairs":1,"minecraft:deepslate_tiles":7,"minecraft:birch_fence":2,"minecraft:birch_slab":4,"minecraft:stone_button":1,"minecraft:cyan_carpet":3,"minecraft:spore_blossom":1,"minecraft:red_terracotta":1,"minecraft:oak_pressure_plate":1,"minecraft:polished_andesite_slab":4,"minecraft:diamond_sword":481,"minecraft:wooden_sword":62,"minecraft:dark_oak_fence":1,"minecraft:smithing_table":2,"minecraft:birch_log":2,"minecraft:oak_trapdoor":7,"minecraft:iron_bars":4,"minecraft:netherrack":7,"minecraft:torch":249,"minecraft:anvil":16,"minecraft:nether_brick_slab":1,"minecraft:iron_axe":1271,"minecraft:rooted_dirt":1,"minecraft:smooth_quartz":4,"minecraft:smooth_basalt":4,"minecraft:bamboo":3,"minecraft:diamond_chestplate":1,"minecraft:basalt":5,"minecraft:goat_horn":4,"minecraft:trapped_chest":1,"minecraft:acacia_planks":34,"minecraft:cobbled_deepslate":102,"minecraft:calcite":19,"minecraft:water_bucket":417,"minecraft:bundle":6,"minecraft:birch_planks":91,"minecraft:leather_boots":2,"minecraft:deepslate_bricks":2,"minecraft:cracked_stone_bricks":3,"minecraft:polished_deepslate_slab":2,"minecraft:mossy_cobblestone":2,"minecraft:tnt":22,"minecraft:crafting_table":32,"minecraft:campfire":4,"minecraft:white_bed":1,"minecraft:spruce_log":12,"minecraft:oak_log":18,"minecraft:diamond_pickaxe":732,"minecraft:cornflower":1,"minecraft:diamond_shovel":1016,"minecraft:iron_pickaxe":979,"minecraft:suspicious_stew":1,"minecraft:green_carpet":1,"minecraft:cobblestone":315,"minecraft:purple_bed":1,"minecraft:cooked_porkchop":34,"minecraft:black_candle":2,"minecraft:stripped_oak_log":1,"minecraft:diamond_leggings":5,"minecraft:dandelion":1,"minecraft:sculk_vein":12,"minecraft:blue_terracotta":1,"minecraft:iron_shovel":85,"minecraft:bone_block":1,"minecraft:white_concrete_powder":3,"minecraft:decorated_pot":1,"minecraft:shield":306,"minecraft:iron_sword":1203,"minecraft:vex_spawn_egg":2,"minecraft:iron_chestplate":7,"minecraft:jungle_planks":22,"minecraft:tuff":25,"minecraft:axolotl_bucket":15,"minecraft:cyan_terracotta":6,"minecraft:spruce_wood":8,"minecraft:packed_mud":1,"minecraft:iron_helmet":9,"minecraft:stone_bricks":21,"minecraft:item_frame":1,"minecraft:red_carpet":2,"minecraft:brown_carpet":1,"minecraft:hay_block":1,"minecraft:written_book":4,"minecraft:skeleton_skull":2,"minecraft:end_rod":8,"minecraft:diamond_boots":2,"minecraft:stone_pickaxe":70,"minecraft:gray_carpet":2,"minecraft:mangrove_planks":91,"minecraft:oak_planks":181,"minecraft:ender_pearl":3,"simplyswords:diamond_halberd":293,"minecraft:diamond_axe":220,"minecraft:sugar_cane":31,"farmersdelight:organic_compost":1,"minecraft:white_wool":1,"graveyard:small_light_gray_urn":1,"minecraft:crossbow":1,"minecraft:redstone_torch":10,"minecraft:sticky_piston":1,"minecraft:dark_oak_log":1,"minecraft:light_gray_concrete":4,"minecraft:bread":459,"minecraft:string":8,"minecraft:iron_door":2,"minecraft:andesite":4,"minecraft:coarse_dirt":14,"minecraft:experience_bottle":2,"minecraft:cobweb":5,"minecraft:oak_fence":1,"minecraft:flint_and_steel":85,"minecraft:cracked_deepslate_bricks":1,"minecraft:redstone":53,"minecraft:dried_kelp":90,"minecraft:spruce_planks":102,"minecraft:wooden_shovel":59,"minecraft:oak_door":2,"minecraft:dirt":424,"hybrid-aquatic:moon_jellyfish_hat":2,"minecraft:granite":1,"minecraft:spruce_fence":4,"minecraft:iron_hoe":551,"minecraft:wooden_axe":19,"minecraft:dark_oak_planks":181,"minecraft:oak_stairs":3,"minecraft:iron_boots":8,"minecraft:golden_carrot":25,"minecraft:cooked_beef":32,"minecraft:powder_snow_bucket":8,"minecraft:pumpkin":1,"minecraft:iron_leggings":1,"minecraft:pink_tulip":1,"minecraft:iron_ore":7,"farmersdelight:skillet":7,"simplyswords:diamond_katana":8,"minecraft:baked_potato":64,"minecraft:birch_boat":1,"soulsweapons:moonstone_pickaxe":1390,"minecraft:brown_mushroom":1,"minecraft:stonecutter":2,"minecraft:stripped_dark_oak_log":7,"simplyswords:iron_greataxe":755,"bosses_of_mass_destruction:soul_star":1,"minecraft:smoker":8,"minecraft:stone_axe":45,"minecraft:fishing_rod":110,"minecraft:red_banner":1,"minecraft:pumpkin_pie":26,"minecraft:bucket":448,"minecraft:yellow_bed":2,"minecraft:splash_potion":1},"minecraft:killed":{"minecraft:cod":5,"naturalist:boar":15,"minecraft:skeleton":150,"minecraft:guardian":1,"graveyard:acolyte":5,"minecraft:chicken":2,"hybrid-aquatic:sea_nettle":2,"naturalist:firefly":1,"minecraft:salmon":14,"minecraft:pillager":58,"minecraft:zombie":182,"minecraft:cow":37,"minecraft:evoker":1,"graveyard:corrupted_vindicator":1,"minecraft:vindicator":16,"adventurez:orc":16,"minecraft:husk":64,"graveyard:ghoul":1,"naturalist:bear":1,"hybrid-aquatic:barrel_jellyfish":1,"minecraft:enderman":3,"naturalist:zebra":1,"minecraft:witch":2,"minecraft:spider":43,"hybrid-aquatic:flashlight_fish":1,"creeperoverhaul:bamboo_creeper":1,"naturalist:snail":1,"deeperdarker:sculk_leech":2,"hybrid-aquatic:coconut_crab":1,"minecraft:silverfish":1,"minecraft:illusioner":6,"minecraft:piglin_brute":7,"minecraft:piglin":2,"hybrid-aquatic:blue_jellyfish":1,"minecraft:zombie_villager":24,"minecraft:creeper":7,"minecraft:sheep":5,"minecraft:stray":1,"adventurez:amethyst_golem":1,"minecraft:phantom":15,"minecraft:drowned":14,"hybrid-aquatic:lionfish":1,"hybrid-aquatic:gourami":1,"minecraft:player":8,"hybrid-aquatic:nomura_jellyfish":2},"minecraft:crafted":{"minecraft:birch_boat":1,"minecraft:birch_slab":6,"minecraft:diamond_shovel":1,"farmersdelight:rope":9,"minecraft:diamond_helmet":1,"minecraft:acacia_fence":6,"minecraft:iron_door":3,"minecraft:emerald":126,"minecraft:cooked_porkchop":13,"minecraft:diamond_axe":1,"minecraft:spruce_door":3,"minecraft:smithing_table":2,"minecraft:hay_block":2,"minecraft:campfire":4,"scout:pouch":4,"minecraft:iron_pickaxe":4,"minecraft:iron_block":43,"minecraft:gold_ingot":288,"scout:satchel_strap":4,"minecraft:spruce_fence":3,"minecraft:pink_dye":2,"minecraft:diamond":63,"scout:upgraded_pouch":2,"farmersdelight:straw":9,"minecraft:stone_pickaxe":1,"minecraft:diamond_boots":1,"minecraft:dark_oak_planks":196,"minecraft:wheat":747,"minecraft:coal_block":14,"minecraft:dried_kelp":189,"minecraft:dark_oak_button":2,"minecraft:wooden_axe":1,"minecraft:iron_leggings":1,"scout:upgraded_satchel":1,"minecraft:oak_planks":260,"scout:satchel":2,"minecraft:stone":8,"minecraft:iron_boots":6,"minecraft:chest":12,"minecraft:oak_button":1,"minecraft:smoker":2,"minecraft:crafting_table":24,"minecraft:spruce_planks":264,"minecraft:wooden_pickaxe":1,"minecraft:iron_helmet":7,"minecraft:baked_potato":53,"minecraft:gold_block":16,"minecraft:pumpkin_seeds":84,"minecraft:birch_planks":268,"minecraft:diamond_pickaxe":1,"minecraft:emerald_block":12,"minecraft:shield":9,"minecraft:stick":116,"minecraft:iron_ingot":533,"minecraft:redstone_torch":4,"minecraft:coal":144,"minecraft:stone_button":10,"minecraft:furnace":8,"minecraft:diamond_block":7,"minecraft:oak_trapdoor":4,"minecraft:slime_ball":9,"soulsweapons:moonstone_pickaxe":1,"minecraft:cooked_beef":44,"minecraft:mangrove_planks":92,"minecraft:bucket":6,"minecraft:stone_axe":1,"minecraft:air":0,"minecraft:bread":244,"minecraft:jungle_planks":24,"minecraft:acacia_planks":118,"minecraft:torch":276,"minecraft:diamond_chestplate":1},"minecraft:custom":{"minecraft:interact_with_crafting_table":189,"minecraft:open_barrel":341,"minecraft:bell_ring":46,"minecraft:eat_cake_slice":5,"minecraft:leave_game":17,"minecraft:time_since_death":106882,"minecraft:damage_blocked_by_shield":12888,"minecraft:play_time":1521372,"minecraft:deaths":85,"minecraft:jump":28811,"minecraft:interact_with_furnace":36,"minecraft:interact_with_cartography_table":1,"minecraft:sleep_in_bed":14,"minecraft:damage_dealt":140712,"minecraft:interact_with_smoker":109,"minecraft:inspect_dispenser":7,"minecraft:horse_one_cm":2080621,"minecraft:interact_with_smithing_table":21,"minecraft:interact_with_anvil":107,"minecraft:sneak_time":48494,"minecraft:interact_with_lectern":1,"minecraft:interact_with_blast_furnace":52,"minecraft:total_world_time":1521372,"minecraft:tune_noteblock":5,"minecraft:interact_with_stonecutter":6,"minecraft:time_since_rest":107126,"minecraft:swim_one_cm":467820,"minecraft:fly_one_cm":5598655,"minecraft:open_chest":1086,"minecraft:fish_caught":41,"minecraft:fall_one_cm":788348,"minecraft:animals_bred":11,"minecraft:damage_resisted":64,"minecraft:sprint_one_cm":2719277,"minecraft:drop":1075,"minecraft:play_noteblock":1,"minecraft:talked_to_villager":40,"minecraft:interact_with_brewingstand":13,"minecraft:walk_on_water_one_cm":250710,"minecraft:player_kills":8,"minecraft:crouch_one_cm":125367,"minecraft:mob_kills":823,"minecraft:interact_with_campfire":22,"minecraft:climb_one_cm":79518,"minecraft:walk_one_cm":2482262,"minecraft:walk_under_water_one_cm":146299,"minecraft:boat_one_cm":782492,"minecraft:interact_with_grindstone":2,"minecraft:damage_taken":57775,"minecraft:damage_absorbed":121,"minecraft:trigger_trapped_chest":8},"minecraft:dropped":{"minecraft:iron_sword":12,"minecraft:stripped_mangrove_wood":15,"minecraft:oak_pressure_plate":2,"minecraft:cooked_beef":14,"minecraft:glow_ink_sac":2,"hybrid-aquatic:shark_tooth":3,"minecraft:crafting_table":1,"minecraft:spore_blossom":6,"minecraft:glass_bottle":1,"minecraft:diamond":15,"minecraft:crossbow":1,"minecraft:dark_oak_slab":1,"minecraft:orange_tulip":9,"minecraft:glow_berries":5,"minecraft:glow_item_frame":3,"minecraft:rooted_dirt":6,"minecraft:saddle":1,"minecraft:sheaf_pottery_sherd":1,"minecraft:sentry_armor_trim_smithing_template":5,"graveyard:corruption":3,"minecraft:leather_helmet":1,"minecraft:red_mushroom":6,"minecraft:red_carpet":60,"minecraft:item_frame":5,"minecraft:emerald":5,"minecraft:dirt":94,"minecraft:packed_mud":4,"hybrid-aquatic:barreleye":1,"minecraft:raw_copper_block":1,"minecraft:stone_button":4,"minecraft:dark_oak_trapdoor":1,"minecraft:chain":3,"minecraft:gold_nugget":2,"minecraft:wooden_sword":1,"minecraft:bone_meal":16,"minecraft:phantom_membrane":12,"hybrid-aquatic:dungeness_crab_claw":3,"minecraft:iron_pickaxe":1,"minecraft:exposed_cut_copper_slab":2,"minecraft:white_wool":4,"minecraft:dark_oak_planks":18,"minecraft:fishing_rod":6,"minecraft:mangrove_slab":2,"hybrid-aquatic:discus":3,"minecraft:cyan_carpet":7,"minecraft:end_crystal":1,"minecraft:bone":98,"minecraft:waxed_cut_copper_slab":4,"minecraft:oak_door":3,"minecraft:diamond_block":4,"minecraft:iron_nugget":2,"minecraft:stone_axe":2,"minecraft:polished_andesite_slab":2,"minecraft:golden_chestplate":1,"minecraft:sugar_cane":2,"minecraft:cobbled_deepslate":1,"minecraft:obsidian":30,"scout:upgraded_pouch":1,"minecraft:rotten_flesh":219,"minecraft:oak_planks":30,"hybrid-aquatic:moray_eel":2,"minecraft:birch_wood":7,"minecraft:quartz_bricks":4,"minecraft:nether_brick_fence":2,"minecraft:dark_oak_fence_gate":3,"minecraft:salmon":6,"minecraft:rabbit_foot":4,"minecraft:mangrove_fence":7,"bosses_of_mass_destruction:soul_star":11,"minecraft:tipped_arrow":17,"soulsweapons:verglas":1,"minecraft:raiser_armor_trim_smithing_template":3,"hybrid-aquatic:gourami":1,"minecraft:charcoal":4,"hybrid-aquatic:lionfish":1,"minecraft:ladder":1,"minecraft:leather_boots":2,"minecraft:acacia_sapling":2,"minecraft:leather_leggings":3,"farmersdelight:rope":16,"minecraft:snort_pottery_sherd":1,"minecraft:spruce_slab":1,"minecraft:red_nether_bricks":2,"minecraft:beef":21,"hybrid-aquatic:flashlight_fish":7,"exposure:photograph":2,"minecraft:stone_brick_stairs":2,"minecraft:golden_boots":1,"minecraft:egg":1,"minecraft:enchanted_book":5,"minecraft:iron_ingot":4,"minecraft:wheat_seeds":129,"minecraft:shelter_pottery_sherd":1,"graveyard:deepslate_gravestone":1,"minecraft:tnt":4,"farmersdelight:skillet":3,"minecraft:golden_horse_armor":2,"simplyswords:iron_greataxe":3,"scout:tanned_leather":4,"minecraft:dripstone_block":1,"minecraft:book":8,"minecraft:feather":30,"minecraft:cobblestone":114,"minecraft:oak_fence":1,"minecraft:iron_helmet":7,"minecraft:coal":21,"minecraft:coal_block":1,"minecraft:golden_apple":16,"minecraft:polished_andesite":6,"minecraft:oxeye_daisy":1,"minecraft:cobweb":9,"minecraft:diamond_horse_armor":1,"minecraft:jungle_slab":1,"minecraft:golden_carrot":2,"minecraft:wooden_axe":1,"minecraft:potion":2,"minecraft:dried_kelp":67,"minecraft:oak_stairs":1,"minecraft:white_banner":1,"minecraft:angler_pottery_sherd":1,"minecraft:prismarine_slab":1,"minecraft:iron_shovel":3,"minecraft:string":106,"minecraft:spruce_sapling":3,"minecraft:lily_pad":1,"minecraft:acacia_planks":70,"minecraft:gray_carpet":13,"minecraft:furnace":1,"minecraft:player_head":1,"minecraft:soul_soil":1,"minecraft:soul_torch":2,"minecraft:cobblestone_wall":1,"minecraft:smooth_stone_slab":14,"minecraft:bowl":4,"minecraft:diamond_hoe":2,"minecraft:experience_bottle":18,"minecraft:chicken":1,"minecraft:polished_deepslate_slab":2,"minecraft:clay_ball":104,"minecraft:iron_boots":11,"minecraft:name_tag":32,"hybrid-aquatic:raw_fish_meat":2,"minecraft:light_gray_concrete":5,"minecraft:cobbled_deepslate_slab":1,"minecraft:spruce_fence":59,"minecraft:pumpkin_seeds":3,"minecraft:blast_furnace":36,"minecraft:diamond_sword":1,"minecraft:hay_block":94,"minecraft:potato":1,"minecraft:stone":48,"minecraft:flower_pot":1,"hybrid-aquatic:blue_spotted_stingray":1,"minecraft:spruce_trapdoor":13,"adventurez:orc_skin":8,"minecraft:bundle":3,"minecraft:spruce_planks":66,"minecraft:yellow_bed":1,"minecraft:bamboo":4,"minecraft:stone_bricks":1,"minecraft:redstone_torch":4,"minecraft:barrel":1,"minecraft:stone_pressure_plate":1,"minecraft:spider_eye":10,"minecraft:brown_carpet":2,"minecraft:weathered_cut_copper":1,"minecraft:bow":7,"minecraft:red_tulip":1,"minecraft:dark_prismarine":5,"minecraft:vex_armor_trim_smithing_template":3,"minecraft:spruce_sign":1,"minecraft:birch_planks":31,"minecraft:moss_block":9,"minecraft:candle":2,"minecraft:soul_sand":5,"minecraft:dark_oak_stairs":9,"minecraft:brown_mushroom":2,"hybrid-aquatic:betta":2,"minecraft:oak_log":8,"minecraft:baked_potato":5,"minecraft:dark_oak_sapling":1,"minecraft:jungle_fence":5,"simplyswords:diamond_halberd":2,"minecraft:lantern":3,"minecraft:leather":19,"minecraft:red_wool":3,"minecraft:jungle_planks":10,"minecraft:iron_horse_armor":1,"minecraft:mangrove_planks":15,"minecraft:host_armor_trim_smithing_template":4,"minecraft:black_banner":1,"minecraft:birch_slab":10,"minecraft:raw_gold_block":1,"minecraft:cod":7,"minecraft:cobblestone_stairs":1,"minecraft:cyan_terracotta":1,"minecraft:cracked_polished_blackstone_bricks":1,"minecraft:redstone_lamp":1,"minecraft:dark_oak_log":6,"minecraft:mangrove_wood":2,"minecraft:cornflower":2,"minecraft:mutton":2,"minecraft:coast_armor_trim_smithing_template":2,"minecraft:snowball":6,"minecraft:pumpkin_pie":11,"minecraft:amethyst_shard":7,"minecraft:birch_log":34,"minecraft:gold_ingot":6,"hybrid-aquatic:sea_message_book":1,"simplyswords:runic_tablet":3,"minecraft:blackstone":26,"hybrid-aquatic:glowing_hook":1,"minecraft:white_candle":3,"minecraft:cooked_mutton":4,"minecraft:stone_stairs":1,"minecraft:mangrove_sign":11,"minecraft:carrot":3,"minecraft:leather_chestplate":15,"simplyswords:diamond_katana":1,"minecraft:gunpowder":4,"minecraft:oak_wood":16,"minecraft:skeleton_skull":4,"minecraft:azalea":1,"minecraft:chest":1,"minecraft:birch_door":2,"minecraft:spruce_wood":3,"minecraft:arrow":216,"minecraft:iron_bars":2,"minecraft:iron_ore":16,"hybrid-aquatic:oscar":2,"minecraft:white_concrete_powder":5,"graveyard:oak_coffin":2,"minecraft:written_book":2,"hybrid-aquatic:clownfish":1,"minecraft:water_bucket":4,"minecraft:bread":111,"adventurez:gilded_blackstone_shard":1,"minecraft:exposed_copper":1,"minecraft:deepslate_iron_ore":16,"minecraft:mossy_cobblestone":9,"minecraft:smithing_table":2,"minecraft:diamond_leggings":1,"hybrid-aquatic:neon_tetra":1,"minecraft:mangrove_propagule":1,"minecraft:lead":5,"minecraft:amethyst_block":2,"minecraft:copper_ingot":4,"minecraft:spruce_stairs":7,"minecraft:grass_block":1,"simplyswords:gold_greataxe":2,"minecraft:stick":44,"minecraft:deepslate_brick_stairs":1,"scout:satchel":1,"minecraft:mossy_cobblestone_slab":2,"minecraft:diorite":15,"minecraft:brewing_stand":1,"minecraft:torch":13,"farmersdelight:cooking_pot":1,"minecraft:smooth_quartz":4,"minecraft:mud_brick_stairs":2,"minecraft:iron_door":2,"minecraft:waxed_oxidized_copper":1,"minecraft:iron_leggings":7,"minecraft:iron_axe":3,"minecraft:tripwire_hook":5,"minecraft:bucket":3,"minecraft:smooth_basalt":1,"minecraft:dandelion":1,"minecraft:redstone":10,"minecraft:nether_brick_slab":4,"minecraft:kelp":2,"minecraft:sweet_berries":17,"minecraft:dark_prismarine_stairs":1,"minecraft:coarse_dirt":3,"minecraft:chiseled_quartz_block":1,"minecraft:wild_armor_trim_smithing_template":6,"minecraft:raw_copper":10,"minecraft:tuff":9,"minecraft:composter":2,"minecraft:raw_iron":6,"simplyswords:diamond_sai":1,"minecraft:iron_hoe":3,"minecraft:stripped_oak_log":1,"minecraft:bamboo_sign":1,"minecraft:red_terracotta":4,"minecraft:flint_and_steel":4,"minecraft:filled_map":13,"minecraft:mud_bricks":3,"minecraft:shield":7,"minecraft:oak_button":1,"minecraft:diamond_chestplate":2,"minecraft:iron_chestplate":6,"minecraft:andesite":6,"minecraft:mossy_stone_bricks":2,"minecraft:oak_sapling":21,"minecraft:diamond_boots":1,"minecraft:birch_sign":1,"minecraft:gray_concrete_powder":10,"minecraft:slime_ball":16,"minecraft:spruce_log":13,"minecraft:stone_pickaxe":2,"minecraft:wooden_pickaxe":2,"minecraft:raw_gold":16,"minecraft:calcite":34,"hybrid-aquatic:blue_tang":1,"exposure:aged_photograph":1},"minecraft:broken":{"minecraft:wooden_shovel":1,"minecraft:iron_boots":4,"minecraft:iron_chestplate":1,"minecraft:iron_sword":1,"minecraft:shield":2,"minecraft:iron_pickaxe":2,"minecraft:iron_helmet":6,"minecraft:diamond_boots":2,"minecraft:diamond_chestplate":1},"minecraft:mined":{"minecraft:dark_oak_planks":26,"minecraft:white_bed":1,"minecraft:jungle_leaves":9,"minecraft:red_nether_bricks":1,"minecraft:granite":4,"minecraft:stone_brick_wall":1,"minecraft:yellow_carpet":3,"minecraft:deepslate_bricks":3,"minecraft:coal_block":4,"minecraft:oxeye_daisy":1,"minecraft:red_stained_glass_pane":1,"minecraft:spawner":24,"graveyard:wither_skull_with_rib_cage":1,"minecraft:barrel":1,"minecraft:sticky_piston":1,"minecraft:cobbled_deepslate":1,"minecraft:fire":24,"minecraft:pumpkin":62,"minecraft:sculk_shrieker":1,"minecraft:cave_vines":4,"minecraft:polished_deepslate_slab":14,"minecraft:oak_stairs":6,"minecraft:light_gray_concrete":9,"minecraft:deepslate_brick_stairs":3,"minecraft:green_carpet":1,"minecraft:spruce_wood":7,"minecraft:stripped_mangrove_wood":7,"minecraft:iron_block":1,"minecraft:player_head":1,"minecraft:tripwire":4,"minecraft:red_bed":1,"minecraft:kelp_plant":1,"soulsweapons:verglas_ore_deepslate":3,"minecraft:smoker":6,"minecraft:soul_fire":1,"minecraft:powder_snow":46,"minecraft:torch":15,"minecraft:dark_oak_wood":33,"minecraft:blast_furnace":47,"minecraft:mud_brick_stairs":1,"minecraft:dead_bush":1,"minecraft:nether_brick_slab":1,"minecraft:sugar_cane":5,"minecraft:amethyst_block":2,"minecraft:skeleton_skull":1,"graveyard:oak_coffin":1,"minecraft:jungle_wood":3,"minecraft:light_gray_stained_glass":4,"minecraft:wheat":1,"minecraft:birch_door":4,"minecraft:stone_brick_stairs":4,"minecraft:wither_rose":14,"minecraft:grass":550,"minecraft:smooth_quartz":9,"minecraft:smooth_basalt":6,"minecraft:stonecutter":2,"minecraft:deepslate":82,"minecraft:deepslate_tiles":7,"minecraft:dark_prismarine":1,"minecraft:mossy_cobblestone":6,"minecraft:dark_oak_log":23,"minecraft:dark_oak_fence":3,"minecraft:cobbled_deepslate_slab":15,"minecraft:spruce_fence":1,"minecraft:jungle_planks":15,"graveyard:tg_deepslate":1,"minecraft:redstone_wire":18,"graveyard:tg_stone":1,"minecraft:moss_block":9,"minecraft:white_concrete_powder":1,"minecraft:black_stained_glass_pane":1,"minecraft:redstone_ore":1,"minecraft:packed_mud":5,"graveyard:tg_moss_block":11,"minecraft:andesite":6,"minecraft:potatoes":1,"minecraft:vine":3,"minecraft:cobblestone_slab":1,"minecraft:bamboo":15,"minecraft:bone_block":1,"minecraft:white_wool":2,"minecraft:smithing_table":2,"minecraft:glass_pane":2,"minecraft:soul_sand":1,"deeperdarker:ancient_vase":4,"minecraft:brown_carpet":4,"minecraft:stone_brick_slab":1,"minecraft:dandelion":13,"minecraft:cornflower":10,"minecraft:mangrove_wood":2,"graveyard:tg_rooted_dirt":3,"minecraft:emerald_ore":4,"minecraft:prismarine_slab":1,"minecraft:tall_grass":276,"minecraft:copper_ore":4,"minecraft:dried_kelp_block":22,"minecraft:cracked_deepslate_bricks":1,"minecraft:diorite":1,"minecraft:purple_bed":1,"minecraft:black_stained_glass":2,"minecraft:red_terracotta":6,"minecraft:coarse_dirt":14,"graveyard:vase_block":6,"minecraft:cobblestone_wall":1,"minecraft:stripped_spruce_wood":1,"minecraft:purple_stained_glass":9,"minecraft:prismarine_brick_slab":1,"minecraft:spruce_log":79,"minecraft:birch_leaves":7,"minecraft:jungle_fence":3,"minecraft:red_wall_banner":1,"minecraft:dark_oak_button":2,"minecraft:gravel":3,"minecraft:dripstone_block":5,"minecraft:cobweb":38,"minecraft:acacia_planks":3,"minecraft:stone_bricks":2,"minecraft:gold_ore":1,"minecraft:fern":37,"minecraft:spruce_planks":16,"graveyard:tg_coarse_dirt":8,"minecraft:farmland":11,"minecraft:cobbled_deepslate_stairs":1,"minecraft:jungle_slab":1,"minecraft:andesite_stairs":2,"minecraft:sculk_vein":3,"minecraft:cobblestone_stairs":1,"minecraft:brewing_stand":1,"minecraft:stripped_crimson_hyphae":1,"minecraft:grass_block":246,"minecraft:mangrove_fence":1,"minecraft:soul_soil":2,"minecraft:mud_bricks":12,"minecraft:composter":2,"minecraft:iron_ore":20,"graveyard:leaning_wither_skeleton":1,"minecraft:anvil":22,"minecraft:azure_bluet":3,"minecraft:dark_oak_stairs":6,"minecraft:iron_bars":3,"graveyard:small_brown_urn":1,"minecraft:azalea":1,"minecraft:spruce_slab":4,"minecraft:waxed_cut_copper_stairs":1,"minecraft:deepslate_redstone_ore":68,"minecraft:blackstone":134,"minecraft:cyan_terracotta":6,"farmersdelight:organic_compost":1,"minecraft:polished_deepslate_stairs":1,"minecraft:chiseled_quartz_block":1,"minecraft:clay":26,"graveyard:tg_podzol":1,"minecraft:calcite":35,"minecraft:poppy":1,"minecraft:chest":6,"minecraft:cobblestone":44,"minecraft:birch_wood":1,"minecraft:slime_block":2,"minecraft:prismarine":3,"minecraft:oak_planks":100,"minecraft:iron_door":2,"minecraft:wall_torch":28,"minecraft:pink_petals":2,"minecraft:dark_oak_slab":4,"minecraft:birch_log":51,"minecraft:stripped_oak_wood":2,"minecraft:tnt":7,"minecraft:smooth_stone_slab":5,"minecraft:cracked_deepslate_tiles":9,"minecraft:oak_log":67,"minecraft:beetroots":2,"minecraft:acacia_fence":4,"minecraft:waxed_oxidized_copper":1,"minecraft:dirt":308,"minecraft:wither_skeleton_skull":2,"minecraft:netherrack":1,"minecraft:oak_leaves":107,"minecraft:redstone_lamp":1,"minecraft:emerald_block":1,"soulsweapons:verglas_ore":3,"minecraft:tuff":32,"minecraft:red_carpet":1,"minecraft:dark_oak_leaves":2,"minecraft:deepslate_diamond_ore":53,"minecraft:oak_door":2,"minecraft:glow_lichen":1,"minecraft:ladder":4,"minecraft:chiseled_bookshelf":2,"minecraft:decorated_pot":2,"minecraft:polished_andesite_slab":1,"minecraft:spruce_leaves":47,"minecraft:rooted_dirt":1,"minecraft:large_fern":16,"minecraft:hay_block":193,"minecraft:deepslate_brick_slab":1,"minecraft:oak_trapdoor":7,"minecraft:furnace":2,"minecraft:raw_gold_block":2,"minecraft:dark_oak_fence_gate":2,"minecraft:stripped_spruce_log":1,"hybrid-aquatic:hybrid_crate":1,"minecraft:peony":1,"minecraft:gold_block":18,"minecraft:nether_brick_fence":2,"soulsweapons:moonstone_ore_deepslate":12,"minecraft:bookshelf":13,"minecraft:stripped_oak_log":1,"minecraft:packed_ice":6,"minecraft:stone":400,"minecraft:redstone_wall_torch":1,"minecraft:podzol":10,"minecraft:red_wool":2,"minecraft:infested_stone_bricks":2,"minecraft:stripped_dark_oak_log":2,"minecraft:basalt":5,"graveyard:small_light_gray_urn":2,"minecraft:oak_fence":4,"minecraft:crafting_table":12,"farmersdelight:straw_bale":1,"minecraft:oak_wood":1,"minecraft:andesite_slab":2,"minecraft:sculk_sensor":1,"graveyard:tg_grass_block":8,"minecraft:deepslate_coal_ore":4,"minecraft:sculk":19,"minecraft:blue_bed":2,"minecraft:spruce_stairs":5,"minecraft:birch_planks":8,"minecraft:gray_concrete_powder":1,"minecraft:redstone_torch":3,"minecraft:sweet_berry_bush":9,"minecraft:black_wall_banner":1,"minecraft:ice":8,"minecraft:white_wall_banner":2,"minecraft:yellow_bed":3,"minecraft:coal_ore":275,"minecraft:flower_pot":1,"minecraft:end_rod":10,"minecraft:cyan_carpet":3,"graveyard:leaning_skeleton":2,"minecraft:gray_carpet":6,"minecraft:cracked_stone_bricks":2,"minecraft:small_dripleaf":2},"minecraft:killed_by":{"minecraft:pillager":9,"minecraft:vindicator":16,"minecraft:zombie":5,"minecraft:vex":4,"minecraft:husk":11,"cave_dweller:cave_dweller":1,"minecraft:creeper":4,"graveyard:skeleton_creeper":2,"minecraft:cave_spider":1,"minecraft:illusioner":11,"minecraft:player":3,"minecraft:spider":1,"adventurez:orc":6,"minecraft:skeleton":8}},"DataVersion":3465}