{"stats":{"minecraft:killed":{"minecraft:creeper":3},"minecraft:dropped":{"minecraft:vine":1,"minecraft:wheat_seeds":2,"minecraft:wheat":2,"minecraft:experience_bottle":64,"minecraft:chest":1,"minecraft:white_carpet":4,"minecraft:grass_block":1,"minecraft:acacia_planks":1,"minecraft:firework_rocket":64},"minecraft:used":{"minecraft:glass":3,"minecraft:wheat_seeds":3,"minecraft:netherite_sword":9,"minecraft:red_wool":5,"minecraft:red_concrete":1,"minecraft:grass_block":25,"minecraft:dispenser":10,"minecraft:oak_planks":1,"minecraft:oak_button":7,"minecraft:lime_wool":5,"minecraft:bone_block":5,"minecraft:netherite_hoe":3,"minecraft:chest":17,"minecraft:redstone_block":7,"minecraft:iron_door":2,"minecraft:torch":2,"minecraft:birch_button":2,"minecraft:golden_carrot":2,"minecraft:anvil":2,"minecraft:cobblestone":1,"minecraft:white_carpet":8,"minecraft:iron_trapdoor":8,"minecraft:crafting_table":1,"minecraft:acacia_planks":1},"minecraft:crafted":{"minecraft:leather_chestplate":4},"minecraft:custom":{"minecraft:time_since_rest":746,"minecraft:sprint_one_cm":60368,"minecraft:damage_taken":631,"minecraft:walk_one_cm":57949,"minecraft:trigger_trapped_chest":1,"minecraft:mob_kills":4,"minecraft:interact_with_anvil":2,"minecraft:drop":14,"minecraft:damage_dealt":807,"minecraft:fly_one_cm":395259,"minecraft:swim_one_cm":708,"minecraft:interact_with_crafting_table":2,"minecraft:player_kills":1,"minecraft:open_chest":28,"minecraft:crouch_one_cm":993,"minecraft:play_time":46271,"minecraft:deaths":3,"minecraft:sneak_time":791,"minecraft:walk_under_water_one_cm":342,"minecraft:jump":515,"minecraft:leave_game":2,"minecraft:walk_on_water_one_cm":641,"minecraft:time_since_death":694,"minecraft:total_world_time":46271,"minecraft:fall_one_cm":7919,"minecraft:inspect_dispenser":9},"minecraft:picked_up":{"minecraft:lime_wool":2,"minecraft:stick":5,"minecraft:feather":8,"minecraft:lilac":1,"minecraft:wheat":2,"minecraft:glow_ink_sac":8,"minecraft:leather":3,"minecraft:red_mushroom":1,"minecraft:red_wool":1,"minecraft:wooden_pickaxe":1,"minecraft:string":3,"minecraft:gunpowder":5,"minecraft:apple":2,"minecraft:cactus":2,"minecraft:white_carpet":4,"minecraft:firework_rocket":256,"minecraft:stone_sword":1,"minecraft:experience_bottle":222,"minecraft:acacia_planks":13,"minecraft:peony":1,"minecraft:stone_axe":1,"minecraft:wheat_seeds":7,"minecraft:stone_pickaxe":1,"minecraft:oak_sapling":2,"minecraft:chest":1,"minecraft:mutton":4,"minecraft:white_wool":2,"minecraft:snowball":65,"minecraft:egg":55,"minecraft:cobblestone":9}},"DataVersion":3700}