{"stats":{"minecraft:killed":{"minecraft:creeper":3},"minecraft:dropped":{"minecraft:vine":1,"minecraft:wheat_seeds":2,"minecraft:wheat":2,"minecraft:experience_bottle":64,"minecraft:white_carpet":4,"minecraft:grass_block":1,"minecraft:chest":1,"minecraft:iron_pickaxe":1,"minecraft:acacia_planks":1,"minecraft:firework_rocket":64},"minecraft:used":{"minecraft:wheat_seeds":3,"minecraft:iron_bars":1,"minecraft:netherite_sword":9,"minecraft:red_stained_glass":2,"minecraft:red_concrete":1,"minecraft:dispenser":10,"minecraft:bone_block":5,"minecraft:lime_wool":5,"minecraft:oak_planks":1,"minecraft:chest":17,"minecraft:stone":4,"minecraft:redstone_block":7,"minecraft:torch":2,"minecraft:anvil":3,"minecraft:white_carpet":8,"minecraft:crafting_table":2,"minecraft:gray_concrete":2,"minecraft:glass":6,"minecraft:netherite_block":99,"minecraft:black_concrete":1,"minecraft:red_wool":5,"minecraft:grass_block":42,"minecraft:oak_button":7,"minecraft:netherite_hoe":3,"minecraft:diamond_ore":23,"minecraft:iron_door":2,"minecraft:birch_button":2,"minecraft:cobblestone":1,"minecraft:golden_carrot":2,"minecraft:iron_trapdoor":8,"minecraft:white_concrete":2,"minecraft:acacia_planks":1},"minecraft:crafted":{"minecraft:leather_chestplate":5},"minecraft:custom":{"minecraft:mob_kills":4,"minecraft:interact_with_anvil":3,"minecraft:interact_with_crafting_table":4,"minecraft:leave_game":2,"minecraft:time_since_death":15309,"minecraft:climb_one_cm":4326,"minecraft:time_since_rest":15361,"minecraft:sprint_one_cm":89958,"minecraft:damage_taken":651,"minecraft:walk_one_cm":78248,"minecraft:trigger_trapped_chest":1,"minecraft:drop":15,"minecraft:damage_dealt":837,"minecraft:swim_one_cm":708,"minecraft:fly_one_cm":559938,"minecraft:player_kills":1,"minecraft:open_chest":35,"minecraft:crouch_one_cm":1439,"minecraft:play_time":60886,"minecraft:deaths":3,"minecraft:sneak_time":1069,"minecraft:walk_under_water_one_cm":462,"minecraft:jump":651,"minecraft:walk_on_water_one_cm":667,"minecraft:total_world_time":60886,"minecraft:fall_one_cm":8325,"minecraft:inspect_dispenser":11},"minecraft:picked_up":{"minecraft:leather_chestplate":1,"minecraft:wheat":2,"minecraft:feather":53,"minecraft:lilac":2,"minecraft:chicken":73,"minecraft:golden_carrot":62,"minecraft:brown_wool":2,"minecraft:glow_ink_sac":34,"minecraft:salmon":1,"minecraft:leather":75,"minecraft:diamond_sword":5,"minecraft:wooden_pickaxe":1,"minecraft:red_mushroom":1,"minecraft:enchanted_book":7,"minecraft:gunpowder":5,"minecraft:lapis_lazuli":68,"minecraft:string":3,"minecraft:name_tag":14,"minecraft:item_frame":10,"minecraft:white_carpet":4,"minecraft:bone":1,"minecraft:experience_bottle":301,"minecraft:acacia_planks":13,"minecraft:apple":2,"minecraft:activator_rail":31,"minecraft:wheat_seeds":7,"minecraft:detector_rail":7,"minecraft:bucket":1,"minecraft:iron_ingot":88,"minecraft:beef":189,"minecraft:stone_pickaxe":1,"minecraft:iron_pickaxe":2,"minecraft:light_gray_wool":2,"minecraft:powered_rail":16,"minecraft:chest":1,"minecraft:egg":110,"minecraft:lime_wool":3,"minecraft:stick":6,"minecraft:red_wool":1,"minecraft:torch":449,"minecraft:gravel":2,"minecraft:porkchop":220,"minecraft:ink_sac":21,"minecraft:redstone":30,"minecraft:orange_bed":2,"minecraft:stone_sword":1,"minecraft:firework_rocket":512,"minecraft:pumpkin_seeds":29,"minecraft:cactus":6,"minecraft:diamond":6,"minecraft:beetroot_seeds":36,"minecraft:stone_axe":1,"minecraft:peony":1,"minecraft:golden_apple":8,"minecraft:gray_wool":4,"minecraft:green_wool":4,"minecraft:gold_ingot":4,"minecraft:bread":25,"minecraft:black_wool":4,"minecraft:oak_sapling":4,"minecraft:coal":62,"minecraft:melon_seeds":16,"minecraft:glow_berries":71,"minecraft:mutton":191,"minecraft:white_wool":59,"minecraft:snowball":145,"minecraft:rail":292,"minecraft:cobblestone":9}},"DataVersion":3700}